product_code,product_name,first_collected_date
122721337,NZXT H3 Flow SI RGB (화이트),2026-07-03
122721323,NZXT H3 Flow SI RGB (블랙),2026-07-03
122721295,NZXT H6 RGB+ (화이트),2026-07-03
122721291,NZXT H6 RGB+ (블랙),2026-07-03
122721280,NZXT H6 (화이트),2026-07-03
122721270,NZXT H6 (블랙),2026-07-03
122720355,2MONS 4U HQ D445 워터쿨360,2026-07-03
122676872,CORSAIR FRAME 4000X RS (블랙),2026-07-07
122676885,CORSAIR FRAME 4000X RS (화이트),2026-07-07
122724838,CORSAIR FRAME 5000D WOOD RS (블랙),2026-07-08
122724847,CORSAIR FRAME 5000D WOOD RS (화이트),2026-07-08
122726052,이그닉리트 스탠다드 사무용 케이스 (블랙),2026-07-08
122726061,이그닉리트 스탠다드 사무용 케이스 (화이트),2026-07-08
122728321,SSUPD MESHROOM S V2 Ver.2 PCIe 5.0 B (블랙),2026-07-10
122829168,리안리 A4-H2O PCle 5.0 (블랙),2026-07-11
122829169,리안리 A4-H2O PCle 5.0 (실버),2026-07-11
123134408,darkFlash FLOATRON F1 ARGB (블랙),2026-07-16
123134410,darkFlash FLOATRON F1 ARGB (화이트 블랙),2026-07-16
123133670,리안리 B4-mATX (블랙),2026-07-16
123133696,리안리 B4-mATX (우드 블랙),2026-07-16
123133703,리안리 B4-mATX (우드 화이트),2026-07-16
123133683,리안리 B4-mATX (화이트),2026-07-16
123133770,마이크로닉스 WIZMAX 샤인,2026-07-16
123235966,슈퍼스페이스 SS-PC1 (블랙),2026-07-17
123537643,Antec C2M MESH ARGB (블랙),2026-07-21
123537654,Antec C2M MESH ARGB (화이트),2026-07-21
123537617,아이구주 VENTI P700 BTF (블랙),2026-07-21
123537620,아이구주 VENTI P700 BTF (화이트),2026-07-21
123605150,Phanteks ENTHOO PRO 2 SERVER V2,2026-07-23
122679912,써멀테이크 Retro 260 TG,2026-07-24
122679972,써멀테이크 Retro 360 TG,2026-07-24
123621868,Antec ST20M MESH,2026-07-25
123669938,쿨러마스터 HAF II 500,2026-07-29
123695321,Phanteks XT M5,2026-07-31
123695338,Phanteks XT V5,2026-07-31
123693998,Razer Travel Case Folio,2026-07-31
123764069,Antec CX200M RGB ELITE (리퍼비시),2026-08-07
123764035,CORSAIR 3500X LX-R RGB iCUE LINK 강화유리 (리퍼비시),2026-08-07
123763880,CORSAIR 3500X RS-R ARGB 강화유리 (리퍼비시),2026-08-07
123763849,CORSAIR CARBIDE SERIES 100R Window Edition (리퍼비시),2026-08-07
123763763,CORSAIR CARBIDE SERIES 275R (리퍼비시),2026-08-07
123763636,CORSAIR CARBIDE SERIES 678C (리퍼비시),2026-08-07
123763751,CORSAIR CARBIDE SERIES SPEC-OMEGA RGB (리퍼비시),2026-08-07
123774868,MSI MEG PCI-E 5.0 X16 라이저 (블랙),2026-08-07
123764131,NZXT H9 Flow (리퍼비시),2026-08-07
123763506,앱코 G26 메가플로우 MESH (리퍼비시),2026-08-07
123763376,앱코 G50 빅플로우 MESH ARGB BTF (리퍼비시),2026-08-07
123763386,앱코 NCORE 언더바 (리퍼비시),2026-08-07
123763569,앱코 SUITMASTER U1000 ONE ARGB (리퍼비시),2026-08-07
123763550,앱코 SUITMASTER U3000 갤러리 ARGB 강화유리 (리퍼비시),2026-08-07
123763565,앱코 SUITMASTER U3000M 갤러리 미니 리버스 ARGB BTF (리퍼비시),2026-08-07
123763410,앱코 U30P 마린+ 디스플레이 (리퍼비시),2026-08-07
123763474,앱코 U40M 웨일샤크 ARGB BTF (리퍼비시),2026-08-07
123763533,앱코 UD50 블루웨일 ARGB BTF (리퍼비시),2026-08-07
123763461,앱코 UD50C 루시드 앰비언트 풀커브드 ARGB BTF (리퍼비시),2026-08-07
123776286,앱코 UF40 에어로직 파노라믹 뷰 VGA쿨링 ARGB (블랙),2026-08-08
123776306,앱코 UF40 에어로직 파노라믹 뷰 VGA쿨링 ARGB (화이트),2026-08-08
123776368,잘만 D40 (블랙),2026-08-08
122673693,리안리 O11 VISION-M (블랙),2026-08-12
123803963,잘만 D40 (화이트),2026-08-12
123763560,앱코 U30 마린 (리퍼비시),2026-08-13
123763480,앱코 UD20M 미니웨일 (리퍼비시),2026-08-13
123805559,잘만 D40F (블랙),2026-08-13
123859909,NZXT H2 Flow + KRAKEN 쿨러 (블랙 패키지),2026-08-14
123859914,Phanteks NV5X (블랙),2026-08-14
123962607,마이크로닉스 WIZMAX AI AIRZEN 160,2026-08-19
123972558,HYTE Y70 Touch Infinite 건담 윙 에디션,2026-08-20
123972541,HYTE Y70 토키도키 X 홀로라이브 어드벤트 에디션,2026-08-20
123972627,리안리 O11 VISION COMPACT 5FAN (블랙),2026-08-20
123972630,리안리 O11 VISION COMPACT 5FAN (화이트),2026-08-20
123993152,잘만 D30,2026-08-21
123993804,darkFlash DMO21 (블랙),2026-08-22
124020982,NZXT H5 Flow RGB V2 + F240 RGB + KRAKEN Plus (블랙 패키지),2026-08-25
124020984,NZXT H5 Flow RGB V2 + F240 RGB + KRAKEN Plus (화이트 패키지),2026-08-25
124012459,NZXT H6 RGB PLUS + KRAKEN ELITE 360 RGB v2 (블랙 패키지),2026-08-25
124012491,NZXT H6 RGB PLUS + KRAKEN ELITE 360 RGB v2 (화이트 패키지),2026-08-25
124011204,SilverStone SST-FLP03W 마이크로닉스,2026-08-25
124011413,컴이지 킹덤 비바리움 듀얼 미니 (블랙),2026-08-25
124011421,컴이지 킹덤 비바리움 듀얼 미니 (화이트),2026-08-25
124021000,1stPlayer 와칠 RGB (블랙),2026-08-26
124021008,1stPlayer 와칠 RGB (화이트),2026-08-26
124022009,NZXT H9 Flow RGB+ V2 + KRAKEN Elite V2 420 RGB (화이트 패키지),2026-08-26
124021794,"NZXT PCIe 4.0x16 라이저 케이블 (200m, 블랙)",2026-08-26
124033116,리안리 O11 VISION-M Digital (블랙),2026-08-26
124033124,리안리 O11 VISION-M Digital (화이트),2026-08-26
124022077,앱코 U20MP 큐빅 미니+ 디스플레이 (리퍼비시),2026-08-26
124033236,ASUS ROG STRIX HELIOS (리퍼비시),2026-08-27
124022090,앱코 UD51L 엑시드 LCD 강화유리 ARGB BTF (리퍼비시),2026-08-27
