product_code,product_name,first_collected_date,registration_month
123731750,BenQ GW2490P 아이케어 무결점,2026-08-06,2026/08
123731760,BenQ GW2491P 아이케어 무결점,2026-08-06,2026/08
123731705,BenQ GW2790P 아이케어 무결점,2026-08-06,2026/08
123731719,BenQ GW2791P 아이케어 무결점,2026-08-06,2026/08
123731008,BenQ RD270Q,2026-08-06,2026/08
123743073,BenQ PD2732U 무결점,2026-08-07,2026/08
123744214,포인트프로덕트 27PMF100 IPS 100 아이케어 화이트,2026-08-07,2026/08
123744260,포인트프로덕트 27PMF100 IPS 100 아이케어 화이트 무결점,2026-08-07,2026/08
123743148,한성컴퓨터 TFG24F24PCMW FHD Fast IPS 240 게이밍 화이트,2026-08-07,2026/08
123743170,한성컴퓨터 TFG24F24PCMW FHD Fast IPS 240 게이밍 화이트 무결점,2026-08-07,2026/08
123764161,DELL Professional P2314HT,2026-08-08,2026/08
123764164,DELL Professional P2314HT (리퍼비시),2026-08-08,2026/08
123764297,LG전자 울트라기어 32G403BW,2026-08-08,2026/08
123776425,네오에스지 HW240F100B,2026-08-09,2026/08
123776450,네오에스지 HW270F100B,2026-08-09,2026/08
123776455,네오에스지 HW320F75B,2026-08-09,2026/08
123802407,비트엠 Newsync P27FHD240 Fast-IPS 게이밍,2026-08-13,2026/08
123802442,비트엠 Newsync P27FHD240 Fast-IPS 게이밍 무결점,2026-08-13,2026/08
123806917,이노스 27QL180M QHD IPS USB-C HDR Ai 게이밍 멀티스탠드,2026-08-14,2026/08
123806953,이노스 27QL180M QHD IPS USB-C HDR Ai 게이밍 멀티스탠드 무결점,2026-08-14,2026/08
123806963,이노스 27QNA120M QHD IPS USB-C,2026-08-14,2026/08
123806984,이노스 27QNA120M QHD IPS USB-C 무결점,2026-08-14,2026/08
123846446,주연테크 V27Q144 올인원 QHD IPS 144 무결점,2026-08-15,2026/08
123846580,주연테크 V32Q75A QHD 무결점,2026-08-15,2026/08
123861197,ASUS ROG SWIFT PG27AQWP-G,2026-08-16,2026/08
123962552,이노스 34WQ200M UWQHD IPS USB-C HDR Ai GEN 게이밍 멀티스탠드,2026-08-20,2026/08
123972608,이노스 34UW200CM WQHD USB-C HDR Ai GEN 게이밍 멀티스탠드,2026-08-21,2026/08
123972670,이노스 34UW200CM WQHD USB-C HDR Ai GEN 게이밍 멀티스탠드 무결점,2026-08-21,2026/08
123972803,주연테크 긱스타 G22FV FHD 100 무결점,2026-08-21,2026/08
123972795,주연테크 긱스타 G24FV FHD 100 무결점,2026-08-21,2026/08
123972764,주연테크 긱스타 G27FV FHD 100 무결점,2026-08-21,2026/08
123972029,한성컴퓨터 TFG27U16FLMW QD-OLED UHD 165 게이밍 화이트,2026-08-21,2026/08
123972058,한성컴퓨터 TFG27U16FLMW QD-OLED UHD 165 게이밍 화이트 무결점,2026-08-21,2026/08
123962317,크로스오버 A27QNA955 210UP 나노iPS WQHD USB-C Ai게이밍 멀티스탠드 화이트,2026-08-22,2026/08
123962406,크로스오버 A27QNA955 210UP 나노iPS WQHD USB-C Ai게이밍 멀티스탠드 화이트 무결점,2026-08-22,2026/08
123981104,필립스 32E1N1800LA 4K UHD 10비트 HDR 크리에이터 무결점,2026-08-22,2026/08
123982299,한성컴퓨터 TFG32Q14FD QHD 144 게이밍,2026-08-22,2026/08
123982334,한성컴퓨터 TFG32Q14FD QHD 144 게이밍 무결점,2026-08-22,2026/08
124011092,비엔엠큐닉스 큐닉스 CORE MG27QB 260 게이밍 멀티스탠드,2026-08-26,2026/08
124011106,비엔엠큐닉스 큐닉스 CORE MG27QB 260 게이밍 멀티스탠드 무결점,2026-08-26,2026/08
124011113,비엔엠큐닉스 큐닉스 PURE ES24QB 120 오피스,2026-08-26,2026/08
124011126,비엔엠큐닉스 큐닉스 PURE ES24QB 120 오피스 무결점,2026-08-26,2026/08
124011136,비엔엠큐닉스 큐닉스 PURE ES27QB 120 멀티스탠드,2026-08-26,2026/08
124011150,비엔엠큐닉스 큐닉스 PURE ES27QB 120 멀티스탠드 무결점,2026-08-26,2026/08
124011298,비트엠 Newsync B279F144 IPS 게이밍 HDR 화이트,2026-08-26,2026/08
124011324,비트엠 Newsync B279F144 IPS 게이밍 HDR 화이트 무결점,2026-08-26,2026/08
124011438,비트엠 Newsync P27U165 나노IPS 게이밍 AI 멀티스탠드,2026-08-26,2026/08
124011452,비트엠 Newsync P27U165 나노IPS 게이밍 AI 멀티스탠드 무결점,2026-08-26,2026/08
124011212,크로스오버 16WQ950 IPS 144 USB-C 초경량 휴대용 포터블 게이밍,2026-08-26,2026/08
124011238,크로스오버 16WQ950 IPS 144 USB-C 초경량 휴대용 포터블 게이밍 무결점,2026-08-26,2026/08
124011463,크로스오버 A27QR924 Fast-iPS 240 USB-C WQHD Ai게이밍,2026-08-26,2026/08
124011475,크로스오버 A27QR924 Fast-iPS 240 USB-C WQHD Ai게이밍 무결점,2026-08-26,2026/08
124022018,비트엠 Newsync 324QHD 패스트 180 IPS 게이밍 멀티스탠드 화이트,2026-08-27,2026/08
124022047,비트엠 Newsync 324QHD 패스트 180 IPS 게이밍 멀티스탠드 화이트 무결점,2026-08-27,2026/08
124021741,필립스 27B2N3500G QHD 144 IPS 원형편광 아이케어 멀티스탠드 게이밍 무결점,2026-08-27,2026/08
124034898,LG전자 울트라기어 AI 게이밍 25G590B,2026-08-28,2026/08
124045587,쓰리윈즈 인터픽셀 OLED IPQ27X70 QHD 240 게이밍 무결점 피벗,2026-08-28,2026/08
124045698,쓰리윈즈 인터픽셀 OLED IPQ27X90 QHD 500 게이밍 모니터 C타입 PD90 피벗,2026-08-28,2026/08
123962613,이노스 34WQ200M UWQHD IPS USB-C HDR Ai GEN 게이밍 멀티스탠드 무결점,2026-08-28,2026/08
124046030,DELL P2426,2026-08-29,2026/08
124046070,DELL P2426H,2026-08-29,2026/08
124046345,네오에스지 HW270Q180B,2026-08-29,2026/08
124046418,네오에스지 HW320Q165B,2026-08-29,2026/08
124046539,네오에스지 HW320U60B,2026-08-29,2026/08
124046637,네오에스지 HW340QCVB,2026-08-29,2026/08
124046665,네오에스지 HW340WQB,2026-08-29,2026/08
124056592,자비오씨엔씨 엑사비오 X132EF-H2E,2026-08-29,2026/08
124056609,자비오씨엔씨 엑사비오 X132EF-H2E 무결점,2026-08-29,2026/08
124056543,자비오씨엔씨 엑사비오 X2700QHD100E,2026-08-29,2026/08
124056588,자비오씨엔씨 엑사비오 X2700QHD100E 무결점,2026-08-29,2026/08
124057815,크로스오버 A27UA970 120UP UHD4K-iPS USB-C 멀티스탠드 화이트 SE,2026-08-30,2026/08
124057824,크로스오버 A27UA970 120UP UHD4K-iPS USB-C 멀티스탠드 화이트 SE 무결점,2026-08-30,2026/08
124101241,래안텍 EdgeArt Q3275K II QHD IPS 120 멀티스탠드 블랙,2026-09-03,2026/09
124101259,래안텍 EdgeArt Q3275K II QHD IPS 120 멀티스탠드 블랙 무결점,2026-09-03,2026/09
124101264,래안텍 EdgeArt Q3275K II QHD IPS 120 멀티스탠드 화이트,2026-09-03,2026/09
124101266,래안텍 EdgeArt Q3275K II QHD IPS 120 멀티스탠드 화이트 무결점,2026-09-03,2026/09
124101225,래안텍 아트파인 AQ3300K B120 iPS QHD USB-C 멀티스탠드 블랙,2026-09-03,2026/09
124101229,래안텍 아트파인 AQ3300K B120 iPS QHD USB-C 멀티스탠드 블랙 무결점,2026-09-03,2026/09
124101143,래안텍 아트파인 AQ3300K W120 iPS QHD USB-C 멀티스탠드 화이트,2026-09-03,2026/09
124101216,래안텍 아트파인 AQ3300K W120 iPS QHD USB-C 멀티스탠드 화이트 무결점,2026-09-03,2026/09
124101688,알파스캔 AOC Q27G40HE 게이밍 210 QHD FAST IPS 지싱크 Ai HDR 무결점,2026-09-03,2026/09
124101556,이노스 24FM200 IPS 144 USB-C 게이밍 멀티스탠드 블랙,2026-09-03,2026/09
124101587,이노스 24FM200 IPS 144 USB-C 게이밍 멀티스탠드 블랙 무결점,2026-09-03,2026/09
124101271,한성컴퓨터 TFG24F40PMB FHD Fast IPS Mini LED 400 게이밍,2026-09-03,2026/09
124101319,한성컴퓨터 TFG24F40PMB FHD Fast IPS Mini LED 400 게이밍 무결점,2026-09-03,2026/09
124101334,한성컴퓨터 TFG24Q24PB QHD Fast IPS 240 게이밍,2026-09-03,2026/09
124101365,한성컴퓨터 TFG24Q24PB QHD Fast IPS 240 게이밍 무결점,2026-09-03,2026/09
124115697,쓰리윈즈 인터픽셀 IP2726 PLUS 화이트 FHD IPS 120 무결점,2026-09-05,2026/09
124115673,쓰리윈즈 인터픽셀 IP2726 PLUS 화이트 FHD IPS 120 일반,2026-09-05,2026/09
124117249,알파스캔 3226UCHW 4K UHD 화이트 IPS USB-C PD65 멀티스탠드 HDR,2026-09-05,2026/09
124117299,알파스캔 3226UCHW 4K UHD 화이트 IPS USB-C PD65 멀티스탠드 HDR 무결점,2026-09-05,2026/09
124117152,알파스캔 3226UNW 4K UHD 화이트 보더리스 100 IPS 시력보호 HDR,2026-09-05,2026/09
124117208,알파스캔 3226UNW 4K UHD 화이트 보더리스 100 IPS 시력보호 HDR 무결점,2026-09-05,2026/09
124115765,한성컴퓨터 TFG27Q32PM1152ZMW QHD Fast IPS QD Mini LED 320 게이밍 화이트,2026-09-05,2026/09
124115769,한성컴퓨터 TFG27Q32PM1152ZMW QHD Fast IPS QD Mini LED 320 게이밍 화이트 무결점,2026-09-05,2026/09
124152860,DELL P4326QEB,2026-09-10,2026/09
124152596,HP HyperX 오멘 24e 게이밍,2026-09-10,2026/09
124153011,LG전자 스마트 AI 32U501SB,2026-09-10,2026/09
124152955,LG전자 울트라기어 evo AI 52G930B,2026-09-10,2026/09
124153875,삼성전자 뷰피니티 S5 S55GH LS34H550,2026-09-10,2026/09
124153623,삼성전자 에센셜 LS24HG314,2026-09-10,2026/09
124153721,삼성전자 오디세이 G3 G30H LS27HG302,2026-09-10,2026/09
124153545,삼성전자 오디세이 OLED G7 G70SH LS27HG702S,2026-09-10,2026/09
124153173,이노스 49WQ950M 165 USB-C PD65 KVM HDR 게이밍 멀티스탠드,2026-09-10,2026/09
124153179,이노스 49WQ950M 165 USB-C PD65 KVM HDR 게이밍 멀티스탠드 무결점,2026-09-10,2026/09
124166664,필립스 에브니아 27M2N3201PL 260 FAST IPS 지싱크 Ai HDR 게이밍 화이트 무결점,2026-09-10,2026/09
124180648,ASUS ROG SWIFT OLED PG27UCWM,2026-09-16,2026/09
124180639,ASUS ROG SWIFT OLED PG32UCWM,2026-09-16,2026/09
124181920,비트엠 Newsync H34WQ120 FAST-ips 울트라와이드 게이밍 커브드,2026-09-16,2026/09
124181924,비트엠 Newsync H34WQ120 FAST-ips 울트라와이드 게이밍 커브드 무결점,2026-09-16,2026/09
124181890,한성컴퓨터 TFG32U1428PMW IPS UHD 144 FHD 288 듀얼모드 게이밍 화이트,2026-09-16,2026/09
124181916,한성컴퓨터 TFG32U1428PMW IPS UHD 144 FHD 288 듀얼모드 게이밍 화이트 무결점,2026-09-16,2026/09
124224976,ASUS ROG STRIX OLED XG27UQDMS,2026-09-21,2026/09
124225033,ASUS ROG STRIX OLED XG32UQDMS,2026-09-21,2026/09
124224959,ASUS VA249QGSE,2026-09-21,2026/09
124238378,BenQ PD3226G 무결점,2026-09-21,2026/09
124224629,DELL SE2426HGS,2026-09-21,2026/09
124224582,DELL SE2726HGS,2026-09-21,2026/09
124216068,EVICIV UW17UG,2026-09-21,2026/09
124224542,HP 732XK,2026-09-21,2026/09
124224479,HP E45C G5,2026-09-21,2026/09
124216498,MPGIO 라이브X MPM156F60,2026-09-21,2026/09
124237108,UPERFECT FMAX01,2026-09-21,2026/09
124237321,UPERFECT FMAX01 터치,2026-09-21,2026/09
124237281,UPERFECT FSQ01 FHD 100,2026-09-21,2026/09
124237012,UPERFECT FSQ01 FHD 120,2026-09-21,2026/09
124237703,UPERFECT QSL01,2026-09-21,2026/09
124237289,UPERFECT QSL02 QHD 120,2026-09-21,2026/09
124237169,UPERFECT QSL02 QHD 144,2026-09-21,2026/09
124237186,UPERFECT QSQ01,2026-09-21,2026/09
124237140,UPERFECT QSS01,2026-09-21,2026/09
124237086,UPERFECT UMAX01 4K,2026-09-21,2026/09
124217478,ZSUS 16A-2K,2026-09-21,2026/09
124238795,레노버 LEGION 27-2c FHD 280 커브드 게이밍 67EDGAC1KR,2026-09-21,2026/09
124238829,레노버 LEGION 27Q-2c QHD 240 커브드 게이밍 67EFGAC1KR,2026-09-21,2026/09
124238928,레노버 LEGION 34W-2c UWQHD 240 커브드 게이밍 68F6GACBKR,2026-09-21,2026/09
124215919,리치웰네트웍스 코모도 RWM20,2026-09-21,2026/09
124198018,비트엠 SMACO 2740U IPS 4K 플렉스 HDR,2026-09-21,2026/09
124198030,비트엠 SMACO 2740U IPS 4K 플렉스 HDR 무결점,2026-09-21,2026/09
124216707,아이딕 HB245F165,2026-09-21,2026/09
124216709,아이딕 HB245F165 무결점,2026-09-21,2026/09
124216615,아이딕 ID24F240,2026-09-21,2026/09
124216680,아이딕 ID24F240 무결점,2026-09-21,2026/09
124238497,제우스랩 Z15WT,2026-09-21,2026/09
124238567,제이더블유씨네트웍스 JWC JWM-2410U,2026-09-21,2026/09
124198536,주연테크 V27Q120MC QHD IPS USB-C AI 멀티스탠드,2026-09-21,2026/09
124198541,주연테크 V27Q120MC QHD IPS USB-C AI 멀티스탠드 무결점,2026-09-21,2026/09
124215396,주연테크 X34QC240 울트라와이드 WQHD 240 프리싱크 AI HDR 게이밍,2026-09-21,2026/09
124215387,주연테크 X34QC240 울트라와이드 WQHD 240 프리싱크 AI HDR 게이밍 무결점,2026-09-21,2026/09
124217250,큐빅스전자 큐빅스 CX270Q100E,2026-09-21,2026/09
124238036,큐빅스전자 큐빅스 CX320Q100,2026-09-21,2026/09
124238043,큐빅스전자 큐빅스 CX320Q100 무결점,2026-09-21,2026/09
124237968,큐빅스전자 큐빅스 CX320Q165E,2026-09-21,2026/09
124237973,큐빅스전자 큐빅스 CX320Q165E 무결점,2026-09-21,2026/09
124238147,큐빅스전자 큐빅스 Etroy VSG271-240 HDR 슬림베젤 게이밍,2026-09-21,2026/09
124238199,큐빅스전자 큐빅스 Etroy VSG271-240 HDR 슬림베젤 게이밍 무결점,2026-09-21,2026/09
124238183,큐빅스전자 큐빅스 Etroy VSG271QHD165 HDR 슬림베젤 게이밍,2026-09-21,2026/09
124238200,큐빅스전자 큐빅스 Etroy VSG271QHD165 HDR 슬림베젤 게이밍 무결점,2026-09-21,2026/09
124238080,큐빅스전자 큐빅스 Etroy VSG320G REAL 240 강화유리,2026-09-21,2026/09
124238193,큐빅스전자 큐빅스 Etroy VSG320G REAL 240 강화유리 무결점,2026-09-21,2026/09
124217140,큐빅스전자 큐빅스 VCX27F100 블랙,2026-09-21,2026/09
124217143,큐빅스전자 큐빅스 VCX27F100 블랙 무결점,2026-09-21,2026/09
124217152,큐빅스전자 큐빅스 VCX27F100 화이트,2026-09-21,2026/09
124217159,큐빅스전자 큐빅스 VCX27F100 화이트 무결점,2026-09-21,2026/09
124237928,큐빅스전자 큐빅스 VCX32F100 블랙,2026-09-21,2026/09
124237934,큐빅스전자 큐빅스 VCX32F100 블랙 무결점,2026-09-21,2026/09
124237942,큐빅스전자 큐빅스 VCX32F100 화이트,2026-09-21,2026/09
124237943,큐빅스전자 큐빅스 VCX32F100 화이트 무결점,2026-09-21,2026/09
124198133,크로스오버 245F199 FHD DP INCH-UP 블랙,2026-09-21,2026/09
124198148,크로스오버 245F199 FHD DP INCH-UP 블랙 무결점,2026-09-21,2026/09
124198379,크로스오버 245F199 FHD DP INCH-UP 화이트,2026-09-21,2026/09
124198382,크로스오버 245F199 FHD DP INCH-UP 화이트 무결점,2026-09-21,2026/09
124217432,크로스오버 27QW129DM iPS QHD 게이밍 화이트 멀티스탠드,2026-09-21,2026/09
124217465,크로스오버 27QW129DM iPS QHD 게이밍 화이트 멀티스탠드 무결점,2026-09-21,2026/09
124216319,포인트프로덕트 24PMF100,2026-09-21,2026/09
124259726,ASUS ProArt Display PA16USV,2026-09-26,2026/09
124260103,ASUS ProArt PA24US,2026-09-26,2026/09
124260544,ASUS ProArt PA27USD,2026-09-26,2026/09
124260530,ASUS ProArt PA32UCDMR-K,2026-09-26,2026/09
124260580,ASUS ProArt PA32USD,2026-09-26,2026/09
124259448,DELL UltraSharp U3226Q,2026-09-26,2026/09
124260189,EIZO ColorEdge CG2400S,2026-09-26,2026/09
124260224,EIZO ColorEdge CG2400SV,2026-09-26,2026/09
124260298,EIZO ColorEdge CG3100X,2026-09-26,2026/09
124259853,EIZO FlexScan EV2400R,2026-09-26,2026/09
124259951,EIZO FlexScan EV2740S,2026-09-26,2026/09
124249610,알파스캔 AOC 24B36XEB 144 IPS 올라운드 게이밍 무결점,2026-09-26,2026/09
124248779,큐빅스전자 큐빅스 VCX24F100,2026-09-26,2026/09
124248782,큐빅스전자 큐빅스 VCX24F100 무결점,2026-09-26,2026/09
124288796,ASUS TUF Gaming VG27AQM5A,2026-09-29,2026/09
124288695,ASUS TUF Gaming VG27VQM5F,2026-09-29,2026/09
124288745,ASUS TUF Gaming VG34WQ5F,2026-09-29,2026/09
124288471,BenQ ZOWIE XQ2766X 게이밍 무결점,2026-09-29,2026/09
124277283,BenQ 모비우스 EX271QM 무결점,2026-09-29,2026/09
124277334,BenQ 모비우스 EX271QMZ 무결점,2026-09-29,2026/09
124277248,BenQ 모비우스 EX271QP 무결점,2026-09-29,2026/09
124288963,DELL E2426H,2026-09-29,2026/09
124289022,DELL P2726H,2026-09-29,2026/09
124288373,GIGABYTE 게이밍 G27Q20T 200 HDR,2026-09-29,2026/09
124288314,GIGABYTE 게이밍 G27Q26 260 HDR,2026-09-29,2026/09
124298675,레노버 LEGION 32Q-2c QHD 240 커브드 게이밍 68F5GACBKR,2026-09-29,2026/09
124289393,와이드뷰 24FHD100,2026-09-29,2026/09
124289375,와이드뷰 27FHD100,2026-09-29,2026/09
124298710,일렉싱크 W15K,2026-09-29,2026/09
124298536,자비오씨엔씨 엑사비오 X132EF-H2E1,2026-09-29,2026/09
124298548,자비오씨엔씨 엑사비오 X132EF-H2E1 무결점,2026-09-29,2026/09
124298508,자비오씨엔씨 엑사비오 X2701QHD100E,2026-09-29,2026/09
124298524,자비오씨엔씨 엑사비오 X2701QHD100E 무결점,2026-09-29,2026/09
124298882,큐빅스전자 큐빅스 CXG270165CV,2026-09-29,2026/09
124289143,픽셀아트 PIXELART X3418WM 화이트 Fast VA 커브드 WQHD 게이밍 180 멀티스탠드,2026-09-29,2026/09
124289164,픽셀아트 PIXELART X3418WM 화이트 Fast VA 커브드 WQHD 게이밍 180 멀티스탠드 무결점,2026-09-29,2026/09
124335902,EIZO FlexScan EV3240X,2026-10-01,2026/09
124327197,MSI PRO MP273Q E7 HDR IPS 75 업무용 시력보호 무결점,2026-10-01,2026/09
124335970,글로벌전자 GBL24F 무결점,2026-10-01,2026/09
124335969,글로벌전자 GBL24F 일반,2026-10-01,2026/09
124335846,레노버 ThinkVision M16 (64BFUAR1WW),2026-10-01,2026/09
124326884,비트엠 Newsync 3224F 패스트 240 FPS,2026-10-01,2026/09
124326947,비트엠 Newsync 3224F 패스트 240 FPS 무결점,2026-10-01,2026/09
124327062,비트엠 Newsync X27Q120 IPS LASER HDR,2026-10-01,2026/09
124327108,비트엠 Newsync X27Q120 IPS LASER HDR 무결점,2026-10-01,2026/09
124326396,주연테크 V27Q180MC QHD IPS USB-C AI 멀티스탠드,2026-10-01,2026/09
124326418,주연테크 V27Q180MC QHD IPS USB-C AI 멀티스탠드 무결점,2026-10-01,2026/09
124326980,주연테크 긱스타 G30FC200 울트라와이드 USB-C HDR 커브드 게이밍,2026-10-01,2026/09
124327034,주연테크 긱스타 G30FC200 울트라와이드 USB-C HDR 커브드 게이밍 무결점,2026-10-01,2026/09
124326357,한성컴퓨터 TFG27Q24PM1152Z QHD Fast IPS QD Mini LED 240 게이밍,2026-10-01,2026/09
124326386,한성컴퓨터 TFG27Q24PM1152Z QHD Fast IPS QD Mini LED 240 게이밍 무결점,2026-10-01,2026/09
124351401,한성컴퓨터 TFG27Q42PCMW QHD Fast IPS 425 게이밍 화이트,2026-10-02,2026/09
124351447,한성컴퓨터 TFG27Q42PCMW QHD Fast IPS 425 게이밍 화이트 무결점,2026-10-02,2026/09
124364841,크로스오버 27LGQ188MC 4면 제로 QHD iPS TYPE-C Ai 화이트 멀티스탠드,2026-10-02,2026/10
124364850,크로스오버 27LGQ188MC 4면 제로 QHD iPS TYPE-C Ai 화이트 멀티스탠드 무결점,2026-10-02,2026/10
124364803,크로스오버 32QD299PM IPS WQHD 게이밍 멀티스탠드,2026-10-02,2026/10
124364827,크로스오버 32QD299PM IPS WQHD 게이밍 멀티스탠드 무결점,2026-10-02,2026/10
124375897,픽셀리스 ESN27Q120 QHD IPS 120 게이밍,2026-10-02,2026/10
