hour,category,collected_at,products
07,gpu,2026-10-08T07:00:05+09:00,846
07,ram,2026-10-08T07:00:05+09:00,993
07,ssd,2026-10-08T07:00:05+09:00,1780
08,gpu,2026-10-08T08:00:06+09:00,846
08,ram,2026-10-08T08:00:06+09:00,993
08,ssd,2026-10-08T08:00:06+09:00,1780
09,gpu,2026-10-08T09:00:05+09:00,846
09,ram,2026-10-08T09:00:05+09:00,993
09,ssd,2026-10-08T09:00:05+09:00,1780
10,gpu,2026-10-08T10:00:06+09:00,846
10,ram,2026-10-08T10:00:06+09:00,993
10,ssd,2026-10-08T10:00:06+09:00,1780
11,gpu,2026-10-08T11:00:05+09:00,851
11,ram,2026-10-08T11:00:05+09:00,992
11,ssd,2026-10-08T11:00:05+09:00,1780
12,gpu,2026-10-08T12:00:05+09:00,852
12,ram,2026-10-08T12:00:05+09:00,992
12,ssd,2026-10-08T12:00:05+09:00,1780
13,gpu,2026-10-08T13:00:05+09:00,852
13,ram,2026-10-08T13:00:05+09:00,992
13,ssd,2026-10-08T13:00:05+09:00,1780
14,gpu,2026-10-08T14:00:05+09:00,853
14,ram,2026-10-08T14:00:05+09:00,992
14,ssd,2026-10-08T14:00:05+09:00,1779
15,gpu,2026-10-08T15:00:05+09:00,854
15,ram,2026-10-08T15:00:05+09:00,992
15,ssd,2026-10-08T15:00:05+09:00,1779
16,gpu,2026-10-08T16:03:09+09:00,854
16,ram,2026-10-08T16:03:09+09:00,992
16,ssd,2026-10-08T16:03:09+09:00,1779
17,gpu,2026-10-08T17:00:05+09:00,854
17,ram,2026-10-08T17:00:05+09:00,992
17,ssd,2026-10-08T17:00:05+09:00,1779
