hour,category,product_code,product_name,crawled_price,fixed_price,baseline,removed
07,gpu,5385778,FORSA 지포스 GTX1050 Ti D5 4GB DUAL,149000,221600,221600,TTC28B:149000 (같은 스펙 시세 210000)
07,gpu,17074907,NVIDIA RTX A5000 D6 24GB (병행수입),4289990,5320000,5320000,EE128:4289990 EE715:4289990
07,gpu,93704792,GIGABYTE 지포스 RTX 5060 Ti WINDFORCE MAX OC D7 16GB 피씨디렉트,994240,1253370,1253370,EE309:994240 (같은 스펙 시세 1198970)
07,gpu,6725461,FORSA 지포스 GT1030 D5 2GB,109800,140160,109800,PY30D:109800 (같은 스펙 시세 129790)
07,ram,79408817,커널앤코어 DDR5-5600 CL46 (16GB),57950,320000,320000,EE715:57950
07,ram,108445556,디오테라 ROIPLE DDR5-5600 (8GB),204000,240790,240790,TZ7177:204000
07,ssd,76339616,삼성전자 990 EVO Plus M.2 NVMe 병행수입 (4TB),1050000,1678920,1678920,TY3284:1050000
07,ssd,13190573,삼성전자 870 EVO (1TB),297910,394600,404990,EE715:297910 EE128:303430
07,ssd,101545757,키오시아 EXCERIA BASIC M.2 NVMe (2TB),389000,504320,504320,TT12AC:389000
07,ssd,108392246,Seagate 파이어쿠다 X1070 M.2 NVMe (4TB),1459600,1861020,1861020,TH201:1459600
07,ssd,76332383,라이트컴 COMS M.2 NGFF A+E to M 어댑터 (IH793),9180,11400,11400,TX934:9180
08,gpu,5385778,FORSA 지포스 GTX1050 Ti D5 4GB DUAL,149000,221600,221600,TTC28B:149000 (같은 스펙 시세 210000)
08,gpu,17074907,NVIDIA RTX A5000 D6 24GB (병행수입),4289990,5320000,5320000,EE128:4289990 EE715:4289990
08,gpu,93704792,GIGABYTE 지포스 RTX 5060 Ti WINDFORCE MAX OC D7 16GB 피씨디렉트,994240,1253370,1253370,EE309:994240 (같은 스펙 시세 1198970)
08,gpu,6725461,FORSA 지포스 GT1030 D5 2GB,109800,140160,140160,PY30D:109800 (같은 스펙 시세 129790)
08,ram,79408817,커널앤코어 DDR5-5600 CL46 (16GB),57950,320000,320000,EE715:57950
08,ram,108445556,디오테라 ROIPLE DDR5-5600 (8GB),204000,240790,240790,TZ7177:204000
08,ssd,76339616,삼성전자 990 EVO Plus M.2 NVMe 병행수입 (4TB),1050000,1678920,1678920,TY3284:1050000
08,ssd,13190573,삼성전자 870 EVO (1TB),297910,394600,394600,EE715:297910 EE128:303430
08,ssd,101545757,키오시아 EXCERIA BASIC M.2 NVMe (2TB),389000,504320,504320,TT12AC:389000
08,ssd,108392246,Seagate 파이어쿠다 X1070 M.2 NVMe (4TB),1459600,1861020,1861020,TH201:1459600
08,ssd,76332383,라이트컴 COMS M.2 NGFF A+E to M 어댑터 (IH793),9180,11400,11400,TX934:9180
09,gpu,5385778,FORSA 지포스 GTX1050 Ti D5 4GB DUAL,149000,221600,221600,TTC28B:149000 (같은 스펙 시세 210000)
09,gpu,17074907,NVIDIA RTX A5000 D6 24GB (병행수입),4289990,5320000,5320000,EE128:4289990 EE715:4289990
09,gpu,93704792,GIGABYTE 지포스 RTX 5060 Ti WINDFORCE MAX OC D7 16GB 피씨디렉트,994240,1253370,1253370,EE309:994240 (같은 스펙 시세 1198970)
09,gpu,6725461,FORSA 지포스 GT1030 D5 2GB,109800,140160,140160,PY30D:109800 (같은 스펙 시세 129790)
09,ram,79408817,커널앤코어 DDR5-5600 CL46 (16GB),57950,320000,320000,EE715:57950
09,ram,108445556,디오테라 ROIPLE DDR5-5600 (8GB),204000,240790,240790,TZ7177:204000
09,ssd,76339616,삼성전자 990 EVO Plus M.2 NVMe 병행수입 (4TB),1050000,1678920,1678920,TY3284:1050000
09,ssd,13190573,삼성전자 870 EVO (1TB),297910,394600,394600,EE715:297910 EE128:303430
09,ssd,101545757,키오시아 EXCERIA BASIC M.2 NVMe (2TB),389000,504320,504320,TT12AC:389000
09,ssd,108392246,Seagate 파이어쿠다 X1070 M.2 NVMe (4TB),1459600,1861020,1861020,TH201:1459600
09,ssd,76332383,라이트컴 COMS M.2 NGFF A+E to M 어댑터 (IH793),9180,11400,11400,TX934:9180
10,gpu,5385778,FORSA 지포스 GTX1050 Ti D5 4GB DUAL,149000,221600,221600,TTC28B:149000 (같은 스펙 시세 210000)
10,gpu,17074907,NVIDIA RTX A5000 D6 24GB (병행수입),4289990,5320000,5320000,EE128:4289990 EE715:4289990
10,gpu,93704792,GIGABYTE 지포스 RTX 5060 Ti WINDFORCE MAX OC D7 16GB 피씨디렉트,994240,1253370,1253370,EE309:994240 (같은 스펙 시세 1198970)
10,gpu,6725461,FORSA 지포스 GT1030 D5 2GB,109800,140160,140160,PY30D:109800 (같은 스펙 시세 129790)
10,ram,79408817,커널앤코어 DDR5-5600 CL46 (16GB),57950,320000,320000,EE715:57950
10,ram,108445556,디오테라 ROIPLE DDR5-5600 (8GB),204000,240790,240790,TZ7177:204000
10,ssd,76339616,삼성전자 990 EVO Plus M.2 NVMe 병행수입 (4TB),1050000,1678920,1678920,TY3284:1050000
10,ssd,13190573,삼성전자 870 EVO (1TB),297910,394600,394600,EE715:297910 EE128:303430
10,ssd,101545757,키오시아 EXCERIA BASIC M.2 NVMe (2TB),389000,504320,504320,TT12AC:389000
10,ssd,108392246,Seagate 파이어쿠다 X1070 M.2 NVMe (4TB),1459600,1861020,1861020,TH201:1459600
10,ssd,76332383,라이트컴 COMS M.2 NGFF A+E to M 어댑터 (IH793),9180,11400,11400,TX934:9180
11,gpu,5385778,FORSA 지포스 GTX1050 Ti D5 4GB DUAL,149000,221600,221600,TTC28B:149000 (같은 스펙 시세 210000)
11,gpu,17074907,NVIDIA RTX A5000 D6 24GB (병행수입),4289990,5320000,5320000,EE128:4289990 EE715:4289990
11,gpu,93704792,GIGABYTE 지포스 RTX 5060 Ti WINDFORCE MAX OC D7 16GB 피씨디렉트,994240,1253370,1253370,EE309:994240 (같은 스펙 시세 1198970)
11,gpu,6725461,FORSA 지포스 GT1030 D5 2GB,109800,140160,140160,PY30D:109800 (같은 스펙 시세 129790)
11,ram,79408817,커널앤코어 DDR5-5600 CL46 (16GB),57950,320000,320000,EE715:57950
11,ram,108445556,디오테라 ROIPLE DDR5-5600 (8GB),204000,240790,240790,TZ7177:204000
11,ssd,76339616,삼성전자 990 EVO Plus M.2 NVMe 병행수입 (4TB),1050000,1678920,1678920,TY3284:1050000
11,ssd,13190573,삼성전자 870 EVO (1TB),297910,394600,394600,EE715:297910 EE128:303430
11,ssd,101545757,키오시아 EXCERIA BASIC M.2 NVMe (2TB),389000,504320,504320,TT12AC:389000
11,ssd,108392246,Seagate 파이어쿠다 X1070 M.2 NVMe (4TB),1453670,1861020,1861020,TH201:1453670
11,ssd,76332383,라이트컴 COMS M.2 NGFF A+E to M 어댑터 (IH793),9180,11400,11400,TX934:9180
12,gpu,5385778,FORSA 지포스 GTX1050 Ti D5 4GB DUAL,149000,221600,221600,TTC28B:149000 (같은 스펙 시세 210000)
12,gpu,17074907,NVIDIA RTX A5000 D6 24GB (병행수입),4289990,5320000,5320000,EE128:4289990 EE715:4289990
12,gpu,93704792,GIGABYTE 지포스 RTX 5060 Ti WINDFORCE MAX OC D7 16GB 피씨디렉트,994240,1253370,1253370,EE309:994240 (같은 스펙 시세 1198970)
12,gpu,6725461,FORSA 지포스 GT1030 D5 2GB,109800,140160,140160,PY30D:109800 (같은 스펙 시세 129790)
12,ram,79408817,커널앤코어 DDR5-5600 CL46 (16GB),57950,320000,320000,EE715:57950
12,ram,108445556,디오테라 ROIPLE DDR5-5600 (8GB),204000,240790,240790,TZ7177:204000
12,ssd,76339616,삼성전자 990 EVO Plus M.2 NVMe 병행수입 (4TB),1050000,1678920,1678920,TY3284:1050000
12,ssd,13190573,삼성전자 870 EVO (1TB),297910,394600,394600,EE715:297910 EE128:303430
12,ssd,101545757,키오시아 EXCERIA BASIC M.2 NVMe (2TB),389000,504320,504320,TT12AC:389000
12,ssd,108392246,Seagate 파이어쿠다 X1070 M.2 NVMe (4TB),1453670,1861020,1861020,TH201:1453670
12,ssd,76332383,라이트컴 COMS M.2 NGFF A+E to M 어댑터 (IH793),9180,11400,11400,TX934:9180
12,ssd,7277257,Western Digital WD GREEN SSD (1TB),219350,269810,269810,TH201:219350 EE128:226060
13,gpu,5385778,FORSA 지포스 GTX1050 Ti D5 4GB DUAL,149000,221600,221600,TTC28B:149000 (같은 스펙 시세 210000)
13,gpu,17074907,NVIDIA RTX A5000 D6 24GB (병행수입),4289990,5320000,5320000,EE128:4289990 EE715:4289990
13,gpu,93704792,GIGABYTE 지포스 RTX 5060 Ti WINDFORCE MAX OC D7 16GB 피씨디렉트,994240,1253370,1253370,EE309:994240 (같은 스펙 시세 1198970)
13,gpu,6725461,FORSA 지포스 GT1030 D5 2GB,109800,140160,140160,PY30D:109800 (같은 스펙 시세 129790)
13,ram,79408817,커널앤코어 DDR5-5600 CL46 (16GB),57950,320000,320000,EE715:57950
13,ram,108445556,디오테라 ROIPLE DDR5-5600 (8GB),204000,240790,240790,TZ7177:204000
13,ssd,76339616,삼성전자 990 EVO Plus M.2 NVMe 병행수입 (4TB),1050000,1678920,1678920,TY3284:1050000
13,ssd,13190573,삼성전자 870 EVO (1TB),297910,394600,394600,EE715:297910 EE128:303430
13,ssd,101545757,키오시아 EXCERIA BASIC M.2 NVMe (2TB),389000,504320,504320,TT12AC:389000
13,ssd,108392246,Seagate 파이어쿠다 X1070 M.2 NVMe (4TB),1453670,1861020,1861020,TH201:1453670
13,ssd,76332383,라이트컴 COMS M.2 NGFF A+E to M 어댑터 (IH793),9180,11400,11400,TX934:9180
13,ssd,7277257,Western Digital WD GREEN SSD (1TB),219340,269810,269810,EE128:219340 TH201:226050
