product_code,product_name,price,shipping,mall,offers,removed
6917302,2.5 to 3.5 하드 변환가이드 (PS-G001),660,3000,디스컴시스템(스마트스토어),20,
47038079,ADATA ISSS316 (512GB),430000,0,G마켓,4,
17287469,ADATA LEGEND 710 M.2 NVMe (1TB),280000,0,디에스씨(스마트스토어),20,
19649351,ADATA LEGEND 710 M.2 NVMe (256GB),109000,2500,DSTCNC(스마트스토어),20,
17287529,ADATA LEGEND 710 M.2 NVMe (512GB),170000,3000,SHPC컴퓨터(스마트스토어),1,
79395908,ADATA LEGEND 710 M.2 NVMe 파인인포 (1TB),280000,2500,온라인판매점l(스마트스토어),20,
79396202,ADATA LEGEND 710 M.2 NVMe 파인인포 (256GB),109000,2500,컴베스트(스마트스토어),20,
79396181,ADATA LEGEND 710 M.2 NVMe 파인인포 (512GB),162000,3000,(주)파인인포(스마트스토어),3,
79250330,ADATA LEGEND 860 M.2 NVMe (1TB),279000,2500,SCM스토어(스마트스토어),20,
79401872,ADATA LEGEND 860 M.2 NVMe (2TB),485000,2500,옥션,20,
79250273,ADATA LEGEND 860 M.2 NVMe (500GB),165000,2500,SCM스토어(스마트스토어),20,
30008744,ADATA LEGEND 900 M.2 NVMe (1TB),285000,2500,남강 온라인스토어(스마트스토어),20,
30008675,ADATA LEGEND 900 M.2 NVMe (2TB),641490,2500,G마켓,20,
30008783,ADATA LEGEND 900 M.2 NVMe (512GB),178050,2500,G마켓,20,
79402034,ADATA LEGEND 900 M.2 NVMe 파인인포 (1TB),279980,2500,11번가,20,
79402016,ADATA LEGEND 900 M.2 NVMe 파인인포 (2TB),525000,3000,(주)파인인포(스마트스토어),20,
79402061,ADATA LEGEND 900 M.2 NVMe 파인인포 (512GB),178060,2500,11번가,20,
20146127,ADATA LEGEND 960 M.2 NVMe (1TB),355000,2500,DSTCNC(스마트스토어),4,
20146151,ADATA LEGEND 960 M.2 NVMe (2TB),615000,2500,아라컴스토어(스마트스토어),20,
101016125,ADATA LEGEND 960 M.2 NVMe 파인인포 (1TB),355000,3000,이벤트피씨(스마트스토어),11,
101016107,ADATA LEGEND 960 M.2 NVMe 파인인포 (2TB),615000,2500,SCM스토어(스마트스토어),20,
19953977,ADATA Ultimate SU650 (1TB),225990,0,G마켓,17,
15222089,ADATA Ultimate SU650 (256GB),78990,2500,11번가,20,
76512914,ADATA Ultimate SU650 (2TB),555200,2500,메이드PC(스마트스토어),18,
16677893,ADATA Ultimate SU650 (512GB),122500,3000,G마켓,20,
102552866,ADATA Ultimate SU650 파인인포 (1TB),239010,2500,G마켓,20,
102552941,ADATA Ultimate SU650 파인인포 (256GB),79000,2500,G마켓,20,
102552779,ADATA Ultimate SU650 파인인포 (2TB),569703,3000,하이마트,1,
102552920,ADATA Ultimate SU650 파인인포 (512GB),125000,2500,옥션,20,
6476441,ADATA Ultimate SU800 (512GB),213200,2500,샵다나와(스마트스토어),16,
31950257,ADATA XPG GAMMIX S60 M.2 NVMe (1TB),278500,2500,옥션,1,
108354608,ADATA XPG GAMMIX S70 BLADE M.2 NVMe 파인인포 (1TB),350000,2500,이선디지탈(스마트스토어),20,
108354521,ADATA XPG GAMMIX S70 BLADE M.2 NVMe 파인인포 (2TB),550000,2500,하루아이티(스마트스토어),18,
108354569,ADATA XPG GAMMIX S70 BLADE M.2 NVMe 파인인포 (512GB),219000,2500,SCM스토어(스마트스토어),20,
107989082,ADATA XPG MARS 970 Plus M.2 NVMe (1TB),325000,2500,SCM스토어(스마트스토어),20,
107989058,ADATA XPG MARS 970 Plus M.2 NVMe (2TB),595000,2500,아라컴스토어(스마트스토어),19,
88133900,ADATA XPG MARS 980 BLADE M.2 NVMe (1TB),395000,2500,온라인판매점l(스마트스토어),20,
88133846,ADATA XPG MARS 980 BLADE M.2 NVMe (2TB),647040,2500,11번가,20,
7175386,ADATA XPG SX6000 Lite M.2 NVMe (256GB),93730,2500,11번가,4,
102552977,ADATA XPG SX8200 Pro M.2 NVMe 파인인포 (512GB),201290,3000,11번가,5,
122710455,AFOX ME250 M.2 NVMe (1TB),220000,2500,하루아이티(스마트스토어),16,
122698298,AFOX ME250 M.2 NVMe (512GB),135000,2500,하루아이티(스마트스토어),16,
122679334,AGI AI238 (1TB),209250,2500,옥션,20,
122679370,AGI AI238 (256GB),65100,2500,옥션,20,
122679355,AGI AI238 (512GB),119970,2500,옥션,20,
101725166,AGI AI238 M.2 SATA (512GB),129900,3300,신도림조립컴퓨터 럭스앤PC(스마트스토어),1,
101724911,AGI AI298 M.2 NVMe (512GB),142890,0,11번가,2,
122684865,AGI AI298 M.2 NVMe 서린 (1TB),218550,2500,옥션,20,
122684878,AGI AI298 M.2 NVMe 서린 (512GB),130200,2500,옥션,20,
95849339,AGI AI818 M.2 NVMe (1TB),285000,2500,온라인판매점l(스마트스토어),17,
95849288,AGI AI818 M.2 NVMe (2TB),520000,2500,온라인판매점l(스마트스토어),19,
123764697,AGI AI818 M.2 NVMe 서린 (1TB),251230,2500,SSG.COM,20,
122684963,AGI AI828 M.2 NVMe (1TB),315270,2500,옥션,20,
123683237,AGI AI828 M.2 NVMe (512GB),162750,2500,G마켓,13,
95849606,AGI AI838 M.2 NVMe (1TB),351670,2500,메이드PC(스마트스토어),17,
122680508,AGI AI858 M.2 NVMe (1TB),399000,2500,아토닉스(스마트스토어),20,
122711229,Apacer AS2280F4L M.2 NVMe (1TB),352470,2500,옥션,20,
100329047,Apacer AS2280P4X M.2 NVMe (1TB),225060,2500,옥션,20,
100329014,Apacer AS2280P4X M.2 NVMe (512GB),145080,2500,옥션,20,
100328819,Apacer AS2280Q4X M.2 NVMe (1TB),240870,2500,옥션,20,
100328870,Apacer AS2280Q4X M.2 NVMe (2TB),430220,2500,G마켓,4,
100328783,Apacer AS2280Q4X M.2 NVMe (512GB),153450,2500,옥션,20,
100382792,Apacer AS350X (1TB),209250,2500,옥션,20,
100382744,Apacer AS350X (256GB),71610,2500,옥션,20,
100382771,Apacer AS350X (512GB),119970,2500,옥션,20,
100329206,Apacer AST280X M.2 SATA (512GB),118110,2500,옥션,20,
18338426,BIOSTAR M760 M.2 NVMe (256GB),79590,2700,G마켓,20,
100270760,BIWIN Black Opal NV3500 M.2 NVMe (1TB),223200,2500,G마켓,20,
100270775,BIWIN Black Opal NV3500 M.2 NVMe (2TB),413250,2500,G마켓,20,
100270739,BIWIN Black Opal NV3500 M.2 NVMe (512GB),132050,2500,G마켓,20,
124033753,BIWIN Black Opal NV7400 M.2 NVMe (512GB),160000,2500,SCM스토어(스마트스토어),14,
95424803,BIWIN Black Opal X570 M.2 NVMe (1TB),313630,3000,장우컴퍼니(스마트스토어),3,
95424824,BIWIN Black Opal X570 M.2 NVMe (2TB),489250,2500,G마켓,20,
95424833,BIWIN Black Opal X570 M.2 NVMe (4TB),2000000,2500,옥션,1,
95424686,BIWIN Black Opal X570 PRO M.2 NVMe (1TB),355260,2500,G마켓,20,
95424707,BIWIN Black Opal X570 PRO M.2 NVMe (2TB),603250,2500,G마켓,20,
95424731,BIWIN Black Opal X570 PRO M.2 NVMe (4TB),1222260,2500,G마켓,4,
95424329,BIWIN M100 (128GB),42750,2500,G마켓,10,
98777888,BIWIN M100 (1TB),224200,2500,G마켓,20,
95424425,BIWIN M100 (256GB),68500,2500,디지털온라인(스마트스토어),4,
98777909,BIWIN M100 (2TB),450240,2500,G마켓,5,
95424440,BIWIN M100 (512GB),109250,2500,G마켓,20,
99944000,BIWIN M350 M.2 NVMe (1TB),255000,0,마이엔터스토어(스마트스토어),8,
99943991,BIWIN M350 M.2 NVMe (2TB),394250,2500,G마켓,20,
122710192,BIWIN M560 M.2 NVMe (1TB),294410,2500,G마켓,20,
122710177,BIWIN M560 M.2 NVMe (2TB),588910,2500,G마켓,19,
100270535,BIWIN NV7200 M.2 NVMe (1TB),251750,2500,G마켓,20,
100270616,BIWIN NV7200 M.2 NVMe (2TB),460750,2500,G마켓,20,
15583340,COLORFUL CN600 M.2 NVMe 디앤디컴 (256GB),79000,2500,SCM스토어(스마트스토어),20,
15583520,COLORFUL CN600 M.2 NVMe 디앤디컴 (512GB),128950,2500,11번가,20,
18633650,COLORFUL CN600 PRO M.2 NVMe 디앤디컴 (1TB),229000,2000,바른컴퓨터KOREA(스마트스토어),20,
18363194,COLORFUL CN600 PRO M.2 NVMe 디앤디컴 (256GB),84000,2500,SCM스토어(스마트스토어),20,
18363101,COLORFUL CN600 PRO M.2 NVMe 디앤디컴 (512GB),149000,2500,SCM스토어(스마트스토어),20,
71427278,COLORFUL CN700 PRO M.2 NVMe 디앤디컴 (1TB),279000,2500,11번가,20,
15591008,COLORFUL SL300 디앤디컴 (128GB),42000,2500,SCM스토어(스마트스토어),20,
5706990,COLORFUL SL500 ONYX ST (480GB),174230,3500,컴프라이스(스마트스토어),3,
15585548,COLORFUL SL500 디앤디컴 (256GB),59000,2500,11번가,20,
15585551,COLORFUL SL500 디앤디컴 (512GB),104000,2500,SCM스토어(스마트스토어),20,
106686926,CORSAIR MP700 ELITE M.2 NVMe (1TB),361000,0,삼성공식파트너 클릭나라(스마트스토어),18,
30247553,CORSAIR MP700 PRO M.2 NVMe (1TB),383500,0,커세어 한국 정식 총판(스마트스토어),1,
74819345,DELL OPTIPLEX 마이크로 2.5 HDD 캐디 브라켓,21220,3000,G마켓,2,
124237165,DELL 프리시전 2.5인치 HDD/SSD 어댑터 1B51FK700-600,10000,3500,아이티비전(스마트스토어),5,
69660347,ESSENCORE KLEVV CRAS C715 M.2 NVMe (1TB),273960,3000,11번가,20,
69657575,ESSENCORE KLEVV CRAS C715 M.2 NVMe (256GB),105730,3000,11번가,20,
69660332,ESSENCORE KLEVV CRAS C715 M.2 NVMe (512GB),139300,0,11번가,20,
58849154,ESSENCORE KLEVV CRAS C910 M.2 NVMe (1TB),323740,2500,11번가,4,
58849022,ESSENCORE KLEVV CRAS C910 M.2 NVMe (2TB),547900,2500,옥션,7,
70250720,ESSENCORE KLEVV CRAS C910 M.2 NVMe (4TB),1039510,0,11번가,4,
58849172,ESSENCORE KLEVV CRAS C910 M.2 NVMe (500GB),198000,2500,제일컴퓨터(스마트스토어),1,
98242505,ESSENCORE KLEVV CRAS C910G M.2 NVMe (1TB),287990,2500,11번가,11,
98242532,ESSENCORE KLEVV CRAS C910G M.2 NVMe (2TB),499000,3000,HNS 정품 스토어(스마트스토어),5,
98242550,ESSENCORE KLEVV CRAS C910G M.2 NVMe (4TB),951750,3000,11번가,20,
98242472,ESSENCORE KLEVV CRAS C910G M.2 NVMe (500GB),173060,3000,11번가,19,
93074372,ESSENCORE KLEVV CRAS C925 M.2 NVMe (1TB),299000,3000,컴아울렛Comoutlet(스마트스토어),1,
94814699,ESSENCORE KLEVV CRAS C925G M.2 NVMe (1TB),287450,3000,11번가,20,
94814663,ESSENCORE KLEVV CRAS C925G M.2 NVMe (2TB),504700,3000,11번가,20,
20612159,ESSENCORE KLEVV CRAS C930 M.2 NVMe (1TB),380000,2500,가이드컴(스마트스토어),12,
20612771,ESSENCORE KLEVV CRAS C930 M.2 NVMe (2TB),576770,3000,11번가,20,
103130264,ESSENCORE KLEVV NEO N410+ (256GB),85550,3000,11번가,19,
103130261,ESSENCORE KLEVV NEO N410+ (512GB),148970,3000,11번가,19,
6912064,EVERCOOL COOLMARKER 5.25베이 HDD/SSD 가이드,1710,2500,옥션,6,
5752010,EVERCOOL COOLMARKER SSD 가이드,980,2500,메이드PC(스마트스토어),17,
122718577,FASTRO MS150 M.2 NVMe (512GB),138000,3000,주식회사 컴앤컴퍼니(스마트스토어),20,
77459732,FASTRO MS200 M.2 NVMe (1TB),260000,3000,주식회사 컴앤컴퍼니(스마트스토어),20,
77459714,FASTRO MS200 M.2 NVMe (2TB),420000,3000,주식회사 컴앤컴퍼니(스마트스토어),17,
124411984,FASTRO MS350 M.2 NVMe (1TB),255000,3000,옥션,13,
124411993,FASTRO MS350 M.2 NVMe (512GB),155010,3000,옥션,13,
6412376,FOXCONN SSD 변환 가이드 (1B03M0500),6550,2500,11번가,2,
99481721,Fanxiang S101 (128GB),37000,2500,WASDIT(스마트스토어),16,
122659116,Fanxiang S101 (1TB),189000,2500,옥션,16,
99481724,Fanxiang S101 (256GB),64900,2500,하루아이티(스마트스토어),15,
122659095,Fanxiang S101 (512GB),112300,2500,하루아이티(스마트스토어),16,
102124430,Fanxiang S500 Pro M.2 NVMe (1TB),242000,2500,하루아이티(스마트스토어),3,
102124442,Fanxiang S500 Pro M.2 NVMe (256GB),75900,2500,옥션,15,
102124439,Fanxiang S500 Pro M.2 NVMe (512GB),132000,2500,G마켓,16,
124182410,Fanxiang S501 M.2 NVMe (1TB),203500,2500,G마켓,6,
77963357,Fanxiang S660 M.2 NVMe 병행수입 (500GB),190370,0,G마켓,1,
102125150,Fanxiang S690 M.2 NVMe (1TB),650990,3000,11번가,4,
102125162,Fanxiang S690 M.2 NVMe (512GB),143000,2500,옥션,15,
106726385,GIGABYTE AORUS Gen4 7000E M.2 NVMe 제이씨현 (1TB),301500,2500,11번가,17,
79398290,GIGABYTE AORUS Gen4 7300 V2 M.2 NVMe 제이씨현 (1TB),378190,2500,11번가,17,
31986581,GIGABYTE Gen3 2500E M.2 NVMe 피씨디렉트 (500GB),135680,3000,11번가,20,
102005414,GIGABYTE Gen3 M.2 NVMe 제이씨현 (512GB),139900,2500,뉴비뉴비(스마트스토어),20,
108408740,GIGABYTE Gen3 M.2 NVMe 피씨디렉트 (512GB),134000,0,전자랜드,4,
124129696,GIGABYTE Gen3 V2 M.2 NVMe 제이씨현 (256GB),80000,2500,모든씨앤씨(스마트스토어),10,
75931919,GIGABYTE Gen4 4000E M.2 NVMe 제이씨현 (1TB),284400,3000,옥션,14,
75931958,GIGABYTE Gen4 4000E M.2 NVMe 제이씨현 (500GB),142800,0,브이PC(스마트스토어),20,
122616252,GIGABYTE Gen4 4000E M.2 NVMe 피씨디렉트 (1TB),271640,3000,11번가,20,
98226905,GIGABYTE Gen4 4000E M.2 NVMe 피씨디렉트 (500 GB),160000,2500,모든씨앤씨(스마트스토어),10,
12888908,GIGABYTE SSD 제이씨현 (1TB),233000,2500,제이씨현플레이스(스마트스토어),12,
16662584,GIGABYTE SSD 제이씨현 (240GB),76000,0,고스트마트(스마트스토어),20,
7261471,GIGABYTE SSD 제이씨현 (480GB),133160,2500,11번가,20,
122724350,GUDGA GSM1500 M.2 NVMe (256GB),95040,3000,G마켓,2,
122710002,GUDGA GVR M.2 NVMe (256GB),85650,3000,옥션,17,
124350393,GUDGA GVY M.2 NVMe (256GB),87000,2500,도이치 솔루션(스마트스토어),4,
103128803,GUDGA GXF M.2 NVMe (512GB),169000,2500,도이치 솔루션(스마트스토어),4,
6147163,HGST Ultrastar DC SA210 (480GB),250000,0,이마트몰,2,
33332441,HIKSEMI E100 (1TB),169350,2500,메이드PC(스마트스토어),20,
19807334,HIKSEMI E3000 M.2 NVMe (1TB),296640,3000,G마켓,2,
67847015,HIKSEMI FUTURE Lite M.2 NVMe (1TB),278000,2500,하이마트,20,
73560464,HIKSEMI FUTURE Lite M.2 NVMe (512GB),213000,2500,하이마트,2,
28771232,HIKSEMI FUTURE M.2 NVMe (1TB),312000,0,컴퓨터외주변기기(스마트스토어),20,
28771220,HIKSEMI FUTURE M.2 NVMe (2TB),483320,2500,G마켓,20,
28771175,HIKSEMI FUTURE M.2 NVMe (4TB),867400,2500,11번가,20,
28771262,HIKSEMI FUTURE M.2 NVMe (512GB),224980,2500,G마켓,20,
28772480,HIKSEMI WAVE (128GB),40500,2500,SCM스토어(스마트스토어),20,
28772462,HIKSEMI WAVE (256GB),75340,3000,11번가,20,
28772405,HIKSEMI WAVE (512GB),120960,2500,11번가,20,
122713468,HIKSEMI WAVE(P) M.2 NVMe (256GB),77500,2500,제이앤피컴퍼니 서울지사(스마트스토어),16,
122681544,HIKSEMI WAVE(P) M.2 NVMe (512GB),126990,2500,11번가,19,
19745132,HIKSEMI Wave Pro(P) M.2 NVMe (1024GB),305000,2500,하이마트,1,
28772096,HIKSEMI Wave Pro(P) M.2 NVMe (256GB),87000,2500,이에스컴퓨터(스마트스토어),20,
19745036,HIKSEMI Wave Pro(P) M.2 NVMe (512GB),165500,2500,샵다나와(스마트스토어),20,
5483007,HP S700 (120GB),43470,2500,11번가,1,
78782768,HP Z Turbo Drive G2 M.2 NVMe (512GB),401800,0,옥션,4,
4529785,ICY DOCK 5.25형 HDD/SSD 브라켓 (MB344SP-B),17000,2500,삼라아이티(스마트스토어),11,
11866912,ICY DOCK M.2 to SATA 변환 컨버터 (MB703M2P-B),23000,3000,G마켓,3,
65309579,ICY DOCK MB024SP-B,55000,2500,오리코테크(스마트스토어),7,
18505100,ICY DOCK MB082SP,9950,3000,마이피씨샵(스마트스토어),7,
101543144,ICY DOCK MB204MP-1B M.2 to PCIe 4.0 어댑터,420000,2500,ICY DOCK(스마트스토어),5,
92888870,ICY DOCK MB204MP-B M.2 to PCIe 5.0 어댑터,605000,2500,삼라아이티(스마트스토어),6,
101075294,ICY DOCK MB305M4P-B M.2 to PCIe 4.0 어댑터,130000,2500,삼라아이티(스마트스토어),5,
8514981,ICY DOCK MB343SP-B,17000,2500,오리코테크(스마트스토어),4,
12194252,ICY DOCK MB705M2P-B EZConvert,62000,2500,오리코ORICO 전문점(스마트스토어),2,
12493268,ICY DOCK MB840M2P-B ToughArmor,155000,2500,오리코ORICO 전문점(스마트스토어),7,
98488079,ICY DOCK MB840M5P-B M.2 to PCIe 5.0 어댑터,277000,2500,ICY DOCK(스마트스토어),3,
16390571,ICY DOCK MB987M2P-1B M.2 to PCIe 3.0 어댑터,60000,2500,오리코ORICO 전문점(스마트스토어),6,
11868379,ICY DOCK SATA to PCIe 변환 어댑터 (MB839SP-B),138240,3000,G마켓,2,
3490144,ICY DOCK 듀얼 2.5 to 3.5 HDD/SSD 브라켓 (MB290SP-B),14000,2500,오리코ORICO 전문점(스마트스토어),10,
1925749,KINGMAX 3.5 브라켓,2720,3000,11번가,4,
123963282,KingBank KP270 M.2 NVMe (1TB),344620,0,옥션,3,
6246293,KingDian N580 M.2 SATA (256GB),67350,3000,11번가,4,
6246299,KingDian N580 M.2 SATA (512GB),122930,3000,11번가,4,
6246397,KingDian S390 (128GB),36640,3000,11번가,19,
6246418,KingDian S390 (512GB),108390,3000,11번가,19,
4516538,Korlet USB 3.0 Type A to SATA2 컨버터 (SU320),7940,2500,11번가,9,
4516580,Korlet USB 3.0 Type A to SATA3 컨버터 (SU330),9350,2500,11번가,5,
4718203,Korlet USB 3.1 Type A to SATA3 컨버터 (SU390),13070,2500,G마켓,6,
18150146,Lexar NM620 M.2 NVMe (256GB),99690,2500,메이드PC(스마트스토어),20,
18150428,Lexar NM620 M.2 NVMe (512GB),164120,0,옥션,20,
29888366,Lexar NM790 M.2 NVMe (1TB),291760,0,옥션,20,
123993489,Lexar NQ790 M.2 NVMe (1TB),348000,2500,메이드PC(스마트스토어),13,
123993472,Lexar NQ790 M.2 NVMe (512GB),191000,2500,메이드PC(스마트스토어),13,
7162783,Lexar NS100 (256GB),59670,3000,G마켓,18,
7162801,Lexar NS100 (512GB),94890,3000,G마켓,17,
122616448,Lexar PLAY X M.2 2230 NVMe (1TB),334850,3000,G마켓,19,
122616452,Lexar PLAY X M.2 2230 NVMe (512GB),244490,3000,G마켓,3,
13427999,M.2 SSD 고정용 나사 (10개입),790,3000,11번가,13,
29958449,M.2 SSD 고정용 나사 (1개입),130,3000,G마켓,6,
103125200,M.2 SSD 고정용 나사 (24개입),13640,0,G마켓,1,
37932155,MAXTEK 2.5형 HDD 케이스 (MT200),1600,2500,더블제이컴(스마트스토어),7,
37932176,MAXTEK 2.5형 HDD 케이스 (MT201),1600,2500,더블제이컴(스마트스토어),7,
28609502,MAXTEK MT008 2.5 to 3.5 HDD 장착 가이드,620,2500,G마켓,9,
13554050,MAXTEK MT052 2.5 to 3.5 HDD 장착 가이드,520,2500,G마켓,4,
93070175,MAXTEK MT569 M.2 SSD 연장 가이드,1800,3000,더블제이컴(스마트스토어),9,
15725393,MG BX3510 하드보관함,34000,2500,오리코ORICO 전문점(스마트스토어),20,
77282546,MG BX3522 하드보관함,54900,3000,오리코테크(스마트스토어),20,
15725492,MG BX3826 하드보관함,34000,2500,오리코ORICO 전문점(스마트스토어),20,
78173954,MSI SPATIUM M450 V1 M.2 NVMe (1TB),254000,2500,MSI온라인판매점(스마트스토어),11,
91424435,MSI SPATIUM M450 V1 M.2 NVMe (500GB),158880,3000,G마켓,20,
123802280,MSI SPATIUM M452 M.2 NVMe (500GB),162190,3000,G마켓,20,
20693099,MSI SPATIUM M461 M.2 NVMe (1TB),379000,2500,MSI온라인판매점(스마트스토어),3,
20693714,MSI SPATIUM M480 PRO M.2 NVMe (1TB),381330,3000,G마켓,20,
32103443,MSI SPATIUM M480 PRO M.2 NVMe (2TB),592010,0,전자랜드,20,
93440663,MSI SPATIUM M560 M.2 NVMe (1TB),355290,3000,11번가,20,
2289404,NCTOP MIRASOL 2.5 슬롯형 SSD GUIDE,460,3000,11번가,2,
4645937,ORICO 1125SS 변환 가이드,13720,0,G마켓,20,
4318873,ORICO 3.5 HDD 알루미늄 10단 하드보관함 (BSC35-10),45500,0,MG-SHOP(스마트스토어),13,
4318839,ORICO 3.5 HDD 알루미늄 5단 하드보관함 (BSC35-05),36000,0,G마켓,14,
85645094,ORICO D2NS-6G 변환 가이드,15900,0,씨게이트온라인판매점(스마트스토어),10,
85656656,ORICO D2SS-6G 변환 가이드,15900,0,오리코테크(스마트스토어),12,
63142121,ORICO J-20 M.2 NVMe (512GB),198000,0,옥션,2,
20781266,ORICO PHA35 HDD보관함,16000,0,오리코ORICO 전문점(스마트스토어),20,
20781272,ORICO PHA35 HDD보관함 5P,56900,0,오리코(스마트스토어),10,
1759667,ORICO PHP-35 HDD보관함,6900,0,와이글로벌테크샵(스마트스토어),15,
1659778,ORICO PHX-35 하드 보호케이스,5500,3000,컴온씨앤씨(스마트스토어),20,
20762234,ORICO PPH25 HDD/SSD 보관함,12900,0,아이웍스 IWORKS(스마트스토어),11,
5760752,ORICO PSC-L20 충격방지 하드보관함,107900,0,G마켓,10,
74121482,ORICO Y-20 (128GB),38720,2500,옥션,3,
74121548,ORICO Y-20 (2TB),414000,0,옥션,3,
74121578,ORICO Y-20 (4TB),872400,0,옥션,3,
74121518,ORICO Y-20 (512GB),112040,0,옥션,3,
11776096,OWC Accelsior 4M2 M.2 NVMe to PCIe3.0 카드 (SSD미포함),575040,0,G마켓,3,
73883546,OWC Accelsior Pro 8M2 M.2 NVMe to PCIe4.0 카드,2289650,0,옥션,2,
58119458,OWC U2 ShuttleOne M.2 NVMe to U.2 컨버터 서린,65000,2500,서린씨앤아이몰(스마트스토어),16,
105181823,Oreton N7000 M.2 NVMe (1TB),469700,3000,신디넷(스마트스토어),3,
105181817,Oreton N7000 M.2 NVMe (2TB),735900,3000,신디넷(스마트스토어),2,
105181766,Oreton N7000 M.2 NVMe (4TB),1443200,3000,신디넷(스마트스토어),2,
21648764,PATRIOT P220 (128GB),56000,2500,정품파트너-오늘출발(스마트스토어),12,
21648875,PATRIOT P220 (1TB),264000,0,삼성쇼핑몰 스피드썬(스마트스토어),12,
21648812,PATRIOT P220 (256GB),82500,2500,11번가,16,
21648908,PATRIOT P220 (2TB),540500,2500,하루아이티(스마트스토어),7,
21648833,PATRIOT P220 (512GB),155000,2500,이선디지탈(스마트스토어),12,
76509452,PATRIOT P220 QLC (128GB),56000,2500,11번가,20,
76509521,PATRIOT P220 QLC (1TB),264000,2500,네모아이티(스마트스토어),20,
76509512,PATRIOT P220 QLC (256GB),82500,2500,11번가,20,
76509536,PATRIOT P220 QLC (2TB),540500,2500,남강 온라인스토어(스마트스토어),20,
76509518,PATRIOT P220 QLC (512GB),155000,2500,11번가,20,
12826433,PATRIOT P300 M.2 NVMe (128GB),79500,2500,11번가,20,
12825845,PATRIOT P300 M.2 NVMe (1TB),284500,2500,샵다나와(스마트스토어),20,
12826391,PATRIOT P300 M.2 NVMe (256GB),97000,2500,샵다나와(스마트스토어),20,
18617705,PATRIOT P300 M.2 NVMe (2TB),506800,2500,DSTCNC(스마트스토어),20,
12826274,PATRIOT P300 M.2 NVMe (512GB),157000,2500,샵다나와(스마트스토어),20,
76875305,PATRIOT P400 Lite M.2 NVMe (1TB),277000,2500,샵다나와(스마트스토어),20,
76875284,PATRIOT P400 Lite M.2 NVMe (2TB),512000,0,WASDIT(스마트스토어),16,
76875311,PATRIOT P400 Lite M.2 NVMe (500GB),161000,2500,컴온씨앤씨(스마트스토어),5,
106721555,PATRIOT P410 M.2 NVMe (1TB),288000,2500,디스컴시스템(스마트스토어),20,
106721537,PATRIOT P410 M.2 NVMe (2TB),505000,2500,아라컴스토어(스마트스토어),20,
106721561,PATRIOT P410 M.2 NVMe (500GB),171000,2500,하루아이티(스마트스토어),20,
106223282,PATRIOT VIPER VP4300 M.2 NVMe (1TB),372000,2500,샵다나와(스마트스토어),20,
106223264,PATRIOT VIPER VP4300 M.2 NVMe (2TB),591500,2500,샵다나와(스마트스토어),20,
3823213,PNY 3.5 변환 SSD 가이드,1170,3000,마이피씨샵(스마트스토어),4,
123721509,PNY CS1031 Gen3 M.2 NVMe 제이씨현 (1TB),229880,2500,11번가,20,
13137749,PNY CS1031 Gen3 M.2 NVMe 제이씨현 (256GB),77270,3000,11번가,20,
17970599,PNY CS1031 Gen3 M.2 NVMe 제이씨현 (500GB),150460,3000,11번가,20,
29858063,PNY CS2241 M.2 NVMe 제이씨현 (1TB),265000,2500,G마켓,20,
71427395,PNY CS2241 M.2 NVMe 제이씨현 (500GB),152520,3000,옥션,20,
18041081,PNY CS900 제이씨현 (1TB),212120,3000,11번가,20,
17970794,PNY CS900 제이씨현 (250GB),67880,3000,11번가,20,
13865279,PNY CS900 제이씨현 (500GB),115960,3000,11번가,20,
11391825,PNY XLR8 CS2311 (250GB),173850,0,G마켓,3,
124183134,QSENN Q580 M.2 NVMe (1TB),235000,3000,아라컴스토어(스마트스토어),15,
124183158,QSENN Q580 M.2 NVMe (256GB),77000,3000,N공식 파트너(스마트스토어),15,
124183150,QSENN Q580 M.2 NVMe (512GB),134000,3000,N공식 파트너(스마트스토어),15,
15946976,SK하이닉스 BC711 M.2 NVMe 병행수입 (1TB),355160,2500,11번가,11,
13161338,SK하이닉스 Gold P31 M.2 NVMe (1TB),389000,3000,모두의놀이터(스마트스토어),5,
15022826,SK하이닉스 Gold P31 M.2 NVMe (2TB),860000,3000,모두의놀이터(스마트스토어),2,
13161353,SK하이닉스 Gold P31 M.2 NVMe (500GB),400000,3000,모두의놀이터(스마트스토어),2,
62646689,SK하이닉스 Gold P31 M.2 NVMe 병행수입 (1TB),495000,3000,모두의놀이터(스마트스토어),5,
62646656,SK하이닉스 Gold P31 M.2 NVMe 병행수입 (2TB),860000,3000,모두의놀이터(스마트스토어),5,
17001050,SK하이닉스 Platinum P41 M.2 NVMe (1TB),452930,2500,G마켓,20,
17000984,SK하이닉스 Platinum P41 M.2 NVMe (2TB),669990,2500,11번가,20,
17001083,SK하이닉스 Platinum P41 M.2 NVMe (500GB),344910,2500,G마켓,20,
62653439,SK하이닉스 Platinum P41 M.2 NVMe 병행수입 (1TB),434990,2500,옥션,13,
62653445,SK하이닉스 Platinum P41 M.2 NVMe 병행수입 (2TB),599990,2500,G마켓,12,
72823220,SK하이닉스 Platinum P51 M.2 NVMe (1TB),680990,2500,11번가,20,
72823133,SK하이닉스 Platinum P51 M.2 NVMe (2TB),987990,2500,11번가,20,
92187023,SK하이닉스 Platinum P51 M.2 NVMe 병행수입 (1TB),681000,3000,모두의놀이터(스마트스토어),3,
92187014,SK하이닉스 Platinum P51 M.2 NVMe 병행수입 (2TB),987000,3000,모두의놀이터(스마트스토어),5,
90116603,SK하이닉스 Silver S32 (1TB),295500,2500,11번가,3,
90116597,SK하이닉스 Silver S32 (2TB),420000,3000,INDUKOREA(스마트스토어),1,
90116615,SK하이닉스 Silver S32 (500GB),189000,3000,INDUKOREA(스마트스토어),2,
10991451,STCOM STORM SSD (480GB),103990,2500,11번가,20,
112023155,STCOM STORM SSD 정품 (480GB),104000,2500,신세계몰,7,
123803362,Sandisk 320 SSD (1TB),327260,2500,G마켓,20,
123803370,Sandisk 320 SSD (250GB),120090,0,G마켓,13,
123803357,Sandisk 320 SSD (2TB),602590,0,11번가,13,
123803367,Sandisk 320 SSD (500GB),174990,0,11번가,11,
123803276,Sandisk 520 SSD (1TB),341890,0,G마켓,20,
123803244,Sandisk 520 SSD (2TB),642490,0,11번가,6,
123803266,Sandisk 520 SSD (4TB),1099090,0,11번가,12,
123803289,Sandisk 520 SSD (500GB),181210,0,11번가,13,
31284620,Sandisk Extreme M.2 NVMe (1TB),361990,2500,11번가,11,
31284551,Sandisk Extreme M.2 NVMe (2TB),662440,2500,옥션,13,
31284659,Sandisk Extreme M.2 NVMe (500GB),196990,2500,11번가,6,
122669740,Sandisk Optimus 5100 M.2 NVMe (1TB),331410,0,옥션,20,
122669695,Sandisk Optimus 5100 M.2 NVMe (2TB),625000,0,모임(스마트스토어),20,
122669782,Sandisk Optimus 5100 M.2 NVMe (4TB),1083990,3000,11번가,20,
122669752,Sandisk Optimus 5100 M.2 NVMe (500GB),176590,3000,11번가,20,
122669509,Sandisk Optimus GX 7100 M.2 NVMe (1TB),412060,0,11번가,20,
122669499,Sandisk Optimus GX 7100 M.2 NVMe (2TB),812820,0,G마켓,20,
122669472,Sandisk Optimus GX 7100 M.2 NVMe (4TB),1548530,0,G마켓,20,
122669528,Sandisk Optimus GX 7100 M.2 NVMe (500GB),206990,2500,11번가,20,
122669603,Sandisk Optimus GX 7100M M.2 2230 NVMe (2TB),815090,0,G마켓,17,
122668549,Sandisk Optimus GX PRO 8100 M.2 NVMe (1TB),498990,0,11번가,20,
122668350,Sandisk Optimus GX PRO 8100 M.2 NVMe (2TB),929610,0,11번가,20,
122668313,Sandisk Optimus GX PRO 8100 M.2 NVMe (4TB),1677490,2500,11번가,20,
122668290,Sandisk Optimus GX PRO 8100 M.2 NVMe (8TB),3656960,0,G마켓,20,
122669264,Sandisk Optimus GX PRO 8100 히트싱크 M.2 NVMe (1TB),541870,0,G마켓,20,
122669256,Sandisk Optimus GX PRO 8100 히트싱크 M.2 NVMe (2TB),1003840,0,G마켓,20,
122668913,Sandisk Optimus GX PRO 8100 히트싱크 M.2 NVMe (4TB),1855690,0,11번가,20,
122668847,Sandisk Optimus GX PRO 8100 히트싱크 M.2 NVMe (8TB),3659430,0,G마켓,20,
122667989,Sandisk Optimus GX PRO 850X M.2 NVMe (1TB),442580,0,11번가,20,
122667976,Sandisk Optimus GX PRO 850X M.2 NVMe (2TB),878930,0,G마켓,20,
122667889,Sandisk Optimus GX PRO 850X M.2 NVMe (4TB),1657430,0,G마켓,20,
122667809,Sandisk Optimus GX PRO 850X M.2 NVMe (8TB),3281610,0,G마켓,20,
122668205,Sandisk Optimus GX PRO 850X 히트싱크 M.2 NVMe (1TB),493980,0,11번가,20,
122668191,Sandisk Optimus GX PRO 850X 히트싱크 M.2 NVMe (2TB),915210,0,11번가,20,
122668158,Sandisk Optimus GX PRO 850X 히트싱크 M.2 NVMe (4TB),1707420,0,11번가,20,
122668134,Sandisk Optimus GX PRO 850X 히트싱크 M.2 NVMe (8TB),3416240,0,G마켓,20,
7981891,Sandisk SSD PLUS (1TB),261220,3000,11번가,19,
3206498,Sandisk SSD PLUS (240GB),108290,3000,옥션,3,
31284125,Sandisk SSD PLUS M.2 NVMe (1TB),273700,2500,11번가,20,
34388156,Sandisk SSD PLUS M.2 NVMe (250GB),111150,2500,G마켓,20,
31284086,Sandisk SSD PLUS M.2 NVMe (2TB),640510,2500,G마켓,8,
31284176,Sandisk SSD PLUS M.2 NVMe (500GB),131870,2500,11번가,20,
5391601,Sandisk Ultra 3D (1TB),282790,2500,11번가,20,
5391586,Sandisk Ultra 3D (250GB),141000,0,11번가,1,
5391611,Sandisk Ultra 3D (2TB),688350,0,11번가,12,
11439459,Sandisk Ultra 3D (4TB),1014540,2500,옥션,5,
5391593,Sandisk Ultra 3D (500GB),176480,2500,11번가,19,
17947481,Seagate Game Drive for PS5 M.2 NVMe (1TB),379040,0,11번가,20,
17947601,Seagate Game Drive for PS5 M.2 NVMe (2TB),569050,0,G마켓,20,
90701654,Seagate 바라쿠다 530 M.2 NVMe (2048GB),1498940,3000,11번가,5,
39104663,Seagate 바라쿠다 PCIe M.2 NVMe (1TB),303030,0,G마켓,11,
39104681,Seagate 바라쿠다 PCIe M.2 NVMe (500GB),198990,3000,옥션,8,
61436369,Seagate 파이어쿠다 530R M.2 NVMe (2TB),595650,0,11번가,20,
61436288,Seagate 파이어쿠다 530R M.2 NVMe (4TB),1317580,0,G마켓,2,
61436648,Seagate 파이어쿠다 530R 히트싱크 M.2 NVMe (2TB),615000,0,브로웍스(스마트스토어),4,
61436567,Seagate 파이어쿠다 530R 히트싱크 M.2 NVMe (4TB),1215000,0,스토리지 케이(스마트스토어),7,
108392288,Seagate 파이어쿠다 X1070 M.2 NVMe (1TB),299000,0,씨게이트공식총판(스마트스토어),20,
108392261,Seagate 파이어쿠다 X1070 M.2 NVMe (2TB),926080,0,11번가,20,
108392246,Seagate 파이어쿠다 X1070 M.2 NVMe (4TB),1861020,0,G마켓,20,11번가:1453670
15863327,SilverStone SDP08-E SSD 가이드 STCOM,10650,2500,G마켓,17,
100619522,SilverStone SST-ECM40,144000,0,아이보라 주식회사(스마트스토어),2,
92686442,SooPii M01 M.2 보관케이스,5060,2900,11번가,7,
14239667,Synology M2D20 M.2 to PCI-E 컨버터,224000,0,시놀로지공식온라인(스마트스토어),10,
18479918,Synology SNV3410 M.2 NVMe (400GB),725000,0,SCM스토어(스마트스토어),12,
30272459,Synology SNV3510 M.2 22110 NVMe (800GB),772760,0,옥션,4,
92234456,Synology SNV5420 M.2 NVMe (400GB),816990,0,11번가,11,
92234378,Synology SNV5420 M.2 NVMe (800GB),985230,0,11번가,11,
97225280,TWSC CUSU C300 (1TB),198000,3000,DSTCNC(스마트스토어),20,
97225262,TWSC CUSU C300 (256GB),67500,0,11번가,20,
97225286,TWSC CUSU C300 (2TB),355000,2500,가이드컴(스마트스토어),20,
97225271,TWSC CUSU C300 (512GB),125000,2500,G마켓,20,
96582128,TWSC CUSU CV3500 M.2 NVMe (256GB),87750,2500,옥션,20,
96582080,TWSC CUSU CV3500 M.2 NVMe (2TB),450000,2500,온라인판매점l(스마트스토어),19,
99711584,TWSC CUSU CV3500Q M.2 NVMe (1TB),275000,2500,온라인판매점l(스마트스토어),18,
99711347,TWSC CUSU CV3500Q M.2 NVMe (512GB),97600,0,11번가,16,
99126695,TWSC CUSU CV5000 M.2 NVMe (1TB),300000,2500,온라인판매점l(스마트스토어),18,
99126662,TWSC CUSU CV5000 M.2 NVMe (512GB),179000,2500,온라인판매점l(스마트스토어),20,
12714503,TeamGroup CX2 (256GB),192000,3000,G마켓,2,
12714575,TeamGroup CX2 (512GB),288000,3000,G마켓,2,
9282297,TeamGroup GX1 (240GB),71340,3000,옥션,1,
9282543,TeamGroup GX2 (128GB),54870,2500,옥션,20,
9282597,TeamGroup GX2 (1TB),222270,2500,옥션,20,
9282576,TeamGroup GX2 (256GB),81840,2500,옥션,20,
9282591,TeamGroup GX2 (512GB),126480,2500,옥션,20,
104325023,TeamGroup MP33 M.2 NVMe 서린 (1TB),240870,2500,옥션,20,
104325029,TeamGroup MP33 M.2 NVMe 서린 (512GB),148800,2500,옥션,20,
18983489,TeamGroup MP44L M.2 NVMe 서린 (1TB),278070,2500,옥션,20,
18983501,TeamGroup MP44L M.2 NVMe 서린 (500GB),185070,2500,옥션,20,
7911898,TeamGroup MS30 M.2 SATA (256GB),106020,2500,옥션,20,
7911922,TeamGroup MS30 M.2 SATA (512GB),145080,2500,옥션,20,
122682624,TeamGroup T-Force GA PRO for DARK AirFlow M.2 NVMe (1TB),399000,2500,주식회사텐사(스마트스토어),20,
74118179,Western Digital WD BLACK SN7100 M.2 NVMe (1TB),333990,2500,11번가,10,
74118173,Western Digital WD BLACK SN7100 M.2 NVMe (2TB),432150,0,G마켓,20,
75001856,Western Digital WD BLACK SN7100 M.2 NVMe (4TB),1008810,0,11번가,10,
74118188,Western Digital WD BLACK SN7100 M.2 NVMe (500GB),344990,0,11번가,8,
92186393,Western Digital WD BLACK SN8100 M.2 NVMe (1TB),437510,2500,G마켓,20,
92186342,Western Digital WD BLACK SN8100 M.2 NVMe (2TB),799900,3000,11번가,20,
92184953,Western Digital WD BLACK SN8100 M.2 NVMe (4TB),1619660,3000,11번가,20,
100618058,Western Digital WD BLACK SN8100 M.2 NVMe (8TB),3343800,2500,11번가,20,
17788487,Western Digital WD BLACK SN850X M.2 NVMe (1TB),392990,2500,11번가,20,
17788451,Western Digital WD BLACK SN850X M.2 NVMe (2TB),695990,3000,11번가,20,
17788379,Western Digital WD BLACK SN850X M.2 NVMe (4TB),1575910,0,옥션,20,
71906102,Western Digital WD BLACK SN850X M.2 NVMe (8TB),3079000,3000,모두의놀이터(스마트스토어),20,
103751306,Western Digital WD BLACK SN850X M.2 NVMe 병행수입 (1TB),438000,3000,모두의놀이터(스마트스토어),11,
17790251,Western Digital WD BLACK SN850X 히트싱크 M.2 NVMe (1TB),405980,3000,옥션,20,
17790299,Western Digital WD BLACK SN850X 히트싱크 M.2 NVMe (2TB),794060,0,G마켓,20,
74052506,Western Digital WD BLACK SN850X 히트싱크 M.2 NVMe (4TB),1499330,0,G마켓,10,
17142170,Western Digital WD Blue SA510 (1TB),275990,0,롯데ON,11,
17142230,Western Digital WD Blue SA510 (250GB),233600,3500,11번가,1,
21429281,Western Digital WD Blue SA510 (2TB),846000,3000,모두의놀이터(스마트스토어),2,
27806333,Western Digital WD Blue SA510 (4TB),992670,3000,11번가,20,
17142212,Western Digital WD Blue SA510 (500GB),195300,3000,G마켓,20,
17143130,Western Digital WD Blue SA510 M.2 SATA (1TB),276000,3000,모드아이티(스마트스토어),9,
17143181,Western Digital WD Blue SA510 M.2 SATA (250GB),188000,3000,모두의놀이터(스마트스토어),3,
93070559,Western Digital WD Blue SA510 M.2 SATA (2TB),387500,2500,데코정보(스마트스토어),6,
17143169,Western Digital WD Blue SA510 M.2 SATA (500GB),204000,3000,에프에이치디(스마트스토어),6,
62176211,Western Digital WD Blue SN5000 M.2 NVMe (1TB),292990,3000,11번가,20,
62176193,Western Digital WD Blue SN5000 M.2 NVMe (2TB),545000,3000,모두의놀이터(스마트스토어),4,
62176130,Western Digital WD Blue SN5000 M.2 NVMe (4TB),858990,0,G마켓,10,
62176226,Western Digital WD Blue SN5000 M.2 NVMe (500GB),236810,2500,11번가,14,
96853946,Western Digital WD Blue SN5100 M.2 NVMe (1TB),299890,2500,11번가,20,
96853958,Western Digital WD Blue SN5100 M.2 NVMe (2TB),444230,0,11번가,20,
99746318,Western Digital WD Blue SN5100 M.2 NVMe (4TB),919570,2500,11번가,20,
96853913,Western Digital WD Blue SN5100 M.2 NVMe (500GB),212000,2500,데코정보(스마트스토어),17,
7277257,Western Digital WD GREEN SSD (1TB),271500,2500,모임(스마트스토어),20,G마켓:226040 11번가:226050
4593708,Western Digital WD GREEN SSD (240GB),727440,0,11번가,1,
95000072,Western Digital WD GREEN SSD (250GB),142540,3000,11번가,4,
95000048,Western Digital WD GREEN SSD (2TB),448900,2500,스토어공식판매점(스마트스토어),4,
6446362,Western Digital WD GREEN SSD (480GB),185490,0,옥션,1,
95000096,Western Digital WD GREEN SSD (500GB),143300,2500,11번가,20,
101186015,Western Digital WD Green SN3000 M.2 NVMe (1TB),257000,2500,데코정보(스마트스토어),20,
101186033,Western Digital WD Green SN3000 M.2 NVMe (2TB),400460,3000,11번가,16,
15712613,Western Digital WD Green SN350 M.2 NVMe (1TB),511490,2500,11번가,3,
20020157,Western Digital WD Green SN350 M.2 NVMe (250GB),118990,2500,11번가,20,
15712556,Western Digital WD Green SN350 M.2 NVMe (2TB),524610,0,옥션,9,
20020220,Western Digital WD Green SN350 M.2 NVMe (500GB),175000,2500,데코정보(스마트스토어),10,
58030037,Western Digital WD RED SN700 M.2 NVMe (1TB),409990,0,11번가,9,
79000193,Western Digital WD RED SN700 M.2 NVMe (2TB),544040,0,11번가,10,
79000271,Western Digital WD RED SN700 M.2 NVMe (4TB),880350,0,G마켓,9,
122687478,YMTC ZHITAI TiPlus7100s M.2 NVMe (1TB),271170,0,G마켓,20,
122687473,YMTC ZHITAI TiPlus7100s M.2 NVMe (2TB),518680,0,G마켓,20,
122687457,YMTC ZHITAI TiPlus7100s M.2 NVMe (4TB),998880,0,G마켓,20,
122687590,YMTC ZHITAI TiPlus9100 M.2 NVMe (1TB),318990,2500,11번가,20,
122687585,YMTC ZHITAI TiPlus9100 M.2 NVMe (2TB),513660,0,G마켓,20,
122687578,YMTC ZHITAI TiPlus9100 M.2 NVMe (4TB),1098990,0,11번가,20,
122687631,YMTC ZHITAI TiPro9000 M.2 NVMe (1TB),388290,0,G마켓,20,
122687622,YMTC ZHITAI TiPro9000 M.2 NVMe (2TB),648640,0,G마켓,20,
122687608,YMTC ZHITAI TiPro9000 M.2 NVMe (4TB),1228990,0,11번가,20,
122713426,YMTC ZHITAI XIAOYI S001 (1TB),280000,2500,디스크마켓(스마트스토어),1,
122713425,YMTC ZHITAI XIAOYI S001 (2TB),480000,2500,디스크마켓(스마트스토어),1,
13359707,ZOMY S-103 M.2 to SATA 컨버터,6490,2500,옥션,12,
54963989,mSATA to SATA 컨버터,16350,0,G마켓,1,
3546574,강원전자 I-NC10K 다용도 알루미늄 하드디스크 보관함,41000,3000,KGEN(스마트스토어),20,
3705935,강원전자 NETmate M.2 SSD to SATA 컨버터 (NM-NGB2),10570,2500,KGEN(스마트스토어),3,
3328332,강원전자 NETmate Mini SATA SSD 하이브리드 디스크 PCI Express 카드 (NM-SSP1),5700,2500,디스컴시스템(스마트스토어),20,
4311656,강원전자 NETmate NMU-ST370 SATA3 to Type C 변환 컨버터,14900,2500,KGEN(스마트스토어),7,
3641708,강원전자 NETmate SATA 컨버터 (NM-NGB1),8690,2500,KGEN(스마트스토어),9,
8535602,강원전자 NETmate USB 3.0 to SATA3 컨버터 (NM-KP01C),21000,2500,쇼핑컴퍼닉(스마트스토어),6,
2897541,강원전자 ineo I-NC05 (HDD보관함),4680,3000,옥션,1,
2638370,강원전자 ineo I-NC10 알루미늄 하드디스크 보관함 (3.5 10Bay),62330,2500,G마켓,20,
2638398,강원전자 ineo I-NC23 알루미늄 하드디스크 보관함 (2.5 3Bay + 3.5 6Bay),46260,3000,G마켓,20,
2621608,강원전자 ineo I-NC25 알루미늄 하드디스크 보관함 (2.5 16Bay),83890,3500,G마켓,13,
35225171,강원전자 넷메이트 M.2 NVMe to PCIe 카드 (NM-SRBM2),8600,2500,옥션,20,
35235179,강원전자 넷메이트 M.2 NVMe to PCIe 카드 (NM-SRM2),6500,2500,옥션,20,
4826462,동현아이 T-SONIC USB 3.0 to SATA3 어댑터 (DH-J300),9250,2500,11번가,5,
10085025,디오테라 ROIPLE DOVE SSD (128GB),39990,3000,옥션,20,
12039551,디오테라 ROIPLE DOVE SSD (1TB),243910,3000,G마켓,20,
10085043,디오테라 ROIPLE DOVE SSD (256GB),61000,0,도시바 인증판매원(스마트스토어),20,
11006499,디오테라 ROIPLE DOVE SSD (512GB),128710,3000,G마켓,20,
122640999,디오테라 ROIPLE QRAY M.2 NVMe (512GB),174990,0,11번가,7,
11355969,디오테라 ROIPLE Ray M.2 NVMe (1TB),250220,3000,11번가,20,
11355939,디오테라 ROIPLE Ray M.2 NVMe (256GB),84070,3000,11번가,20,
11355945,디오테라 ROIPLE Ray M.2 NVMe (512GB),135170,3000,G마켓,20,
5592173,디오테라 VIVA 300S LITE M.2 SATA (128GB),57590,3000,11번가,20,
6377421,디오테라 VIVA 300S LITE M.2 SATA (1TB),195970,3000,G마켓,20,
5592148,디오테라 VIVA 300S LITE M.2 SATA (256GB),81910,3000,G마켓,20,
5751499,디오테라 VIVA 300S LITE M.2 SATA (512GB),133570,3000,G마켓,20,
5592235,디오테라 VIVA 300S LITE mSATA (128GB),69700,2500,옥션,3,
2923105,디지탈그리고나 e-STAR 3.5 변환 SSD 가이드,1090,2500,가이드컴(스마트스토어),3,
2757393,디지탈그리고나 e-STAR ES-SE221,17320,2500,가이드컴(스마트스토어),19,
4860510,디지탈그리고나 e-STAR Elite S91 (128GB),31610,3000,11번가,4,
3280534,디지탈그리고나 e-STAR Half Slim SSD i1000 (32GB),69440,2500,11번가,5,
3280541,디지탈그리고나 e-STAR Half Slim SSD i1000 (64GB),80170,2500,G마켓,4,
3053272,디지탈그리고나 e-STAR SSD Series S9 (64GB),43200,2500,가이드컴(스마트스토어),3,
39253685,디직스 2.5형 HDD 방진패드 (DHC-25),2440,3000,11번가,3,
4739213,라이트컴 COMS 2.5 IDE to 1.8 ZIF SSD 컨버터 (A3552),3490,2500,조이쿨스토어(스마트스토어),7,
8036224,라이트컴 COMS 2.5 to 3.5 철제 하드 가이드 (BT307),2300,2500,에이엠넷(스마트스토어),13,
5937854,라이트컴 COMS 2.5 to 3.5 철제 하드 가이드 (ND747),1100,2500,에이엠넷(스마트스토어),14,
3969257,라이트컴 COMS 2포트 M.2 to SATA 컨버터 (KS974),13600,2500,조이쿨스토어(스마트스토어),18,
1649125,라이트컴 COMS 3.5인치 HDD 케이스,2277,2700,SSG.COM,20,
2617307,라이트컴 COMS 3.5인치 하드디스크 방진패드,5910,3000,11번가,20,
8776322,라이트컴 COMS 3.5형 HDD 케이스 (BB187),4850,3000,옥션,20,
39089555,라이트컴 COMS 3.5형 HDD 케이스 (KS834),6790,2500,G마켓,20,
2621045,라이트컴 COMS 3.5형 폴더접이식 HDD 케이스,3660,2500,조이쿨스토어(스마트스토어),20,
48395078,라이트컴 COMS A3262 3.5 to 5.25 가이드,1390,3000,11번가,12,
3369148,라이트컴 COMS A3263 HDD 가이드,1420,2500,메이드PC(스마트스토어),20,
3369123,라이트컴 COMS A3638 HDD 가이드,1490,0,옥션,12,
3323391,라이트컴 COMS A3700 3.5 - 5.25인치 철재 하드 가이드,2490,2500,11번가,20,
1649117,라이트컴 COMS A3992 하드케이스,2277,2700,SSG.COM,20,
1649110,라이트컴 COMS A3993 하드케이스,2250,2500,메이드PC(스마트스토어),20,
79116782,라이트컴 COMS BF468 M.2 to SATA 컨버터,4190,3000,G마켓,16,
79551269,라이트컴 COMS BF469 mSATA + M.2 to SATA3 컨버터,6380,3000,11번가,20,
13549109,라이트컴 COMS BT254 M.2 NVMe to PCIe 컨버터,10180,2900,근호컴(스마트스토어),3,
3969559,라이트컴 COMS Dual M.2 to SATA kit (KS975),9110,3000,11번가,20,
99320654,라이트컴 COMS HA032 M.2 NVMe to PCIe 카드,5800,3000,에픽마트(스마트스토어),20,
99320630,라이트컴 COMS HA033 M.2 NVMe to PCIe 카드,5820,3000,에픽마트(스마트스토어),19,
3313540,라이트컴 COMS HB816 2.5-3.5 철재 하드 가이드,2961,2700,SSG.COM,20,
3335203,라이트컴 COMS HB817 2.5-3.5 철재 하드 가이드,2940,2500,G마켓,20,
3307743,라이트컴 COMS HB886 2.5 하드 가이드 플라스틱 (PCIe 슬롯 타입),7770,3000,옥션,1,
3274309,라이트컴 COMS HB887 철재 하드 가이드,5950,3000,베이스캠프샵(스마트스토어),12,
3307383,라이트컴 COMS HB888 2.5-3.5 하드 가이드 플라스틱 (핸드 그립),1950,2500,옥션,16,
8532548,라이트컴 COMS HDD용 USB 3.0 컨버터 (SP086),18300,3000,옥션,9,
4197744,라이트컴 COMS IB398 M.2 to Macbook 2012 SSD 컨버터,9380,3000,옥션,18,
13539221,라이트컴 COMS IF330 M.2 NVMe to PCIe 컨버터,6500,3000,에픽마트(스마트스토어),20,
13549283,라이트컴 COMS IF332 M.2 NVMe to PCIe 컨버터,20390,3000,11번가,20,
13076513,라이트컴 COMS IF570 M.2 NVMe to PCIe 어댑터,9350,2500,조이쿨스토어(스마트스토어),20,
13391717,라이트컴 COMS IF571 M.2 to SATA3 컨버터,12990,3000,에픽마트(스마트스토어),14,
13724951,라이트컴 COMS IF572 M.2 NVMe to PCIe 컨버터,7030,3000,G마켓,10,
13475366,라이트컴 COMS IF679 맥북 프로 A1708용 M.2 2242 어댑터,17000,3000,에픽마트(스마트스토어),12,
13187417,라이트컴 COMS IF795 mSATA/M.2 to PCIe 컨버터,19540,3000,11번가,17,
13187813,라이트컴 COMS IF796 M.2 NVMe to PCIe 컨버터,7650,2500,조이쿨스토어(스마트스토어),20,
98409926,라이트컴 COMS IF863 M.2 NVMe to PCIe 변환 컨버터,8500,2900,근호컴(스마트스토어),20,
14935700,라이트컴 COMS IF864 M.2 NVMe to PCIe 컨버터,14210,3000,G마켓,20,
95525567,라이트컴 COMS IH081 M.2 to PCIe 컨버터,6380,2500,조이쿨스토어(스마트스토어),20,
100192538,라이트컴 COMS IH083 M.2 to PCIe 3.0 4x 변환 어댑터,7500,2500,근호컴(스마트스토어),20,
100192646,라이트컴 COMS IH195 M.2 to PCIe 4x 컨버터,12210,3000,G마켓,20,
27884633,라이트컴 COMS IH285 M.2 to SATA 컨버터,15270,3000,옥션,6,
27884375,라이트컴 COMS IH371 M.2 to SATA 컨버터,22020,2900,근호컴(스마트스토어),8,
100326611,라이트컴 COMS IH404 U.2 to PCIe 변환 어댑터,20020,3000,에픽마트(스마트스토어),20,
58849745,라이트컴 COMS IH545 M.2 to SATA 컨버터,7140,2900,근호컴(스마트스토어),10,
90438422,라이트컴 COMS IH577 mini PCI to M.2 변환 컨버터,4990,3000,11번가,9,
54817238,라이트컴 COMS IH620 M.2 NVMe to U.2 변환 어댑터,25290,3000,11번가,10,
58665764,라이트컴 COMS IH732 mSATA/M.2 to SATA 어댑터,12000,3000,11번가,14,
81037559,라이트컴 COMS IH791 mSATA to M.2 컨버터,8080,2500,조이쿨스토어(스마트스토어),9,
79850810,라이트컴 COMS IH792 M.2 NVMe 연장 어댑터,6940,3000,티오제트 toz(스마트스토어),18,
93319112,라이트컴 COMS IH794 2230 to 2280 컨버터,5620,3000,에픽마트(스마트스토어),20,
79858334,라이트컴 COMS IH795 2230 to 2280 변환 어댑터,9760,0,옥션,20,
96712097,라이트컴 COMS IH796 M.2 NGFF A+E 2230 to PCIe 변환 어댑터,21930,3000,티오제트 toz(스마트스토어),14,
98229983,라이트컴 COMS IH797 M.2 NGFF B Key SSD 확장 어댑터,12290,3000,에픽마트(스마트스토어),18,
81037601,라이트컴 COMS IH839 2230 to 2280 변환 어댑터,6370,3000,에픽마트(스마트스토어),20,
81037634,라이트컴 COMS IH840 2230 to 2280 변환 어댑터,6370,3000,에픽마트(스마트스토어),19,
29983502,라이트컴 COMS IP863 M.2 NVMe to PCIe 컨버터,9350,3000,에픽마트(스마트스토어),2,
3288463,라이트컴 COMS ITA331 SATA 하드 가이드,3400,2500,옥션,5,
3567394,라이트컴 COMS ITA516 케이스형 SATA 컨버터,11810,3000,에픽마트(스마트스토어),18,
95847257,라이트컴 COMS JA023 USB C to SATA 컨버터,9500,3000,만가지샵(스마트스토어),20,
98769005,라이트컴 COMS JA024 USB 3.0 컨버터,8750,3000,에픽마트(스마트스토어),10,
9725664,라이트컴 COMS JT378 충격방지 하드케이스,10790,3000,11번가,13,
13710416,라이트컴 COMS KS164 TF to SATA 변환 컨버터,22500,3000,11번가,20,
13392050,라이트컴 COMS KS166 M.2 to SATA3 컨버터,5210,3000,G마켓,20,
14128196,라이트컴 COMS KS167 M.2 to SATA 컨버터,5470,2500,옥션,20,
98768900,라이트컴 COMS KS467 USB 3.0 컨버터,10630,2500,조이쿨스토어(스마트스토어),16,
79858451,라이트컴 COMS KS468 Type C 컨버터,17000,2500,조이쿨스토어(스마트스토어),16,
90437882,라이트컴 COMS KS511 M.2 to SATA 컨버터,7990,3000,11번가,20,
28402889,라이트컴 COMS KS810 하드 보관함,84300,0,에픽마트(스마트스토어),20,
3934291,라이트컴 COMS KS976 하드 가이드,5740,3000,G마켓,2,
14711621,라이트컴 COMS KS977 2.5 to 3.5 듀얼 가이드,4250,2500,조이쿨스토어(스마트스토어),20,
3934340,라이트컴 COMS KS978 하드 철재 가이드,4050,2500,옥션,14,
3941730,라이트컴 COMS KS984 HDD 케이스,5220,2900,G마켓,20,
4318522,라이트컴 COMS KS985 알루미늄 하드 보관함,45200,0,에픽마트(스마트스토어),20,
3996787,라이트컴 COMS KS986 HDD 보관함,46690,0,G마켓,20,
76332383,라이트컴 COMS M.2 NGFF A+E to M 어댑터 (IH793),10200,3000,만가지샵(스마트스토어),18,티오제트 toz(스마트스토어):9180
8050171,라이트컴 COMS M.2 SSD to PCIe 변환 어댑터 (ND522),12640,3000,11번가,20,
8042194,라이트컴 COMS M.2 SSD to PCIe 변환 어댑터 (ND536),8440,3000,11번가,20,
8042731,라이트컴 COMS M.2 SSD to PCIe 변환 어댑터 (ND562),11150,3000,11번가,20,
3368832,라이트컴 COMS M.2 SSD to SATA 컨버터 (ES345),31460,3000,11번가,20,
76332239,라이트컴 COMS M.2 to IDE 컨버터 (TB044),13020,3000,에픽마트(스마트스토어),18,
4739485,라이트컴 COMS M.2 to PCIe 컨버터 (KS509),11320,2500,G마켓,20,
4730784,라이트컴 COMS M.2 to PCIe 컨버터 (KS510),7850,3000,G마켓,20,
4869534,라이트컴 COMS M.2 to SATA PCIe카드 (IB955),17850,2500,조이쿨스토어(스마트스토어),20,
3969575,라이트컴 COMS M.2 to SATA kit (KS966),8030,2500,옥션,20,
3912415,라이트컴 COMS M.2 to SATA 변환 카드 (ITB170),10410,3000,에픽마트(스마트스토어),20,
8785688,라이트컴 COMS M.2 to SATA 컨버터 (BT466),16500,3000,에픽마트(스마트스토어),18,
8787320,라이트컴 COMS M.2 to SATA 컨버터 (BT468),9570,3000,11번가,20,
4739397,라이트컴 COMS M.2 to SATA 컨버터 (HB680),11460,3000,11번가,20,
4702536,라이트컴 COMS M.2 to SATA 컨버터 (KS512),13520,2500,G마켓,20,
4672752,라이트컴 COMS M.2 to SATA 컨버터 (KS514),11440,3000,11번가,20,
3948200,라이트컴 COMS M.2 to SATA 컨버터 (KS965),11330,3000,G마켓,20,
8787626,라이트컴 COMS M.2 to SATA 컨버터 (ND540),14900,3000,11번가,20,
3611982,라이트컴 COMS M.2 to SATA 케이스형 컨버터 (ITB748),12140,3000,11번가,20,
3612004,라이트컴 COMS M.2 to SATA 케이스형 컨버터 (ITB749),10800,3000,에픽마트(스마트스토어),20,
4198561,라이트컴 COMS Macbook Air SSD to M.2 컨버터 (IB399),10950,2500,옥션,20,
3912489,라이트컴 COMS Macbook Air SSD to SATA 변환 카드 (ITB171),12240,3000,에픽마트(스마트스토어),20,
3558656,라이트컴 COMS Macbook Air SSD to SATA 컨버터 (ITB756),11890,3000,11번가,20,
3501645,라이트컴 COMS Mini PCIe mSATA 컨버터 (ITA006),5490,3000,G마켓,20,
72347279,라이트컴 COMS NA035 2.5인치 HDD 케이스,1960,2500,조이쿨스토어(스마트스토어),6,
13376363,라이트컴 COMS NB826 2.5 HDD 케이스,1820,2500,메이드PC(스마트스토어),20,
4661305,라이트컴 COMS PCB 타입 SATA to mSATA 변환 컨버터 (KS508),2990,3000,옥션,20,
13077605,라이트컴 COMS PCI슬롯형 2.5&3.5 철재 하드 가이드,13650,2500,11번가,3,
3567580,라이트컴 COMS SATA to IDE 컨버터 (A4135),7110,3000,만가지샵(스마트스토어),20,
5177601,라이트컴 COMS SATA to M.2 컨버터 (KS507),2610,3000,11번가,20,
3589677,라이트컴 COMS SATA to USB 컨버터 (ITA359),6900,3000,옥션,1,
3436960,라이트컴 COMS SATA 컨버터 (BS764),9380,3000,11번가,20,
3571233,라이트컴 COMS SATA 컨버터 (IT707),11890,0,옥션,20,
3571225,라이트컴 COMS SATA 컨버터 (IT708),11920,3000,에픽마트(스마트스토어),20,
3570996,라이트컴 COMS SATA 컨버터 (IT709),18990,3000,옥션,8,
3501763,라이트컴 COMS SATA 컨버터 (IT710),12010,3000,에픽마트(스마트스토어),20,
3501734,라이트컴 COMS SATA 컨버터 (IT711),12190,2700,옥션,20,
3551731,라이트컴 COMS SATA 컨버터 (ITA517),17810,3000,에픽마트(스마트스토어),20,
3567761,라이트컴 COMS SATA 컨버터 (ITB750),5740,2500,G마켓,17,
3567447,라이트컴 COMS SATA 컨버터 (ITB751),5900,3000,에픽마트(스마트스토어),20,
3567793,라이트컴 COMS SATA 컨버터 (ITB752),7230,2500,옥션,2,
3567435,라이트컴 COMS SATA 컨버터 (ITB753),6500,3000,에픽마트(스마트스토어),18,
3567130,라이트컴 COMS SATA 컨버터 (ITB754),7280,2500,11번가,20,
3567698,라이트컴 COMS SATA 컨버터 (ITB755),5530,2500,옥션,20,
2512421,라이트컴 COMS SP711 2.5-3.5 하드 가이드 그립장착,2040,2500,조이쿨스토어(스마트스토어),13,
3368893,라이트컴 COMS SSD 변환용 SATA 컨버터 (IT983),16150,0,옥션,20,
12353690,라이트컴 COMS SW077 M.2 SSD to PCIe 변환 어댑터,6240,2500,조이쿨스토어(스마트스토어),20,
13939745,라이트컴 COMS SW078 M.2 to PCIe 컨버터,9290,3000,G마켓,19,
12354065,라이트컴 COMS SW229 M.2 SSD to PCIe 변환 어댑터,9560,3000,만가지샵(스마트스토어),20,
14127800,라이트컴 COMS SW230 U.2 to PCIe 변환 어댑터,29500,3000,11번가,20,
28330538,라이트컴 COMS SW517 U.2 to PCIe 변환 어댑터,33000,3000,프리컴퍼니(스마트스토어),1,
95990159,라이트컴 COMS SW519 M.2 to SATA 컨버터,8000,3000,에픽마트(스마트스토어),20,
96056099,라이트컴 COMS SW520 M.2 to SATA 컨버터,7990,3000,11번가,20,
28403426,라이트컴 COMS SW521 M.2 to SATA 컨버터,8000,3000,에픽마트(스마트스토어),20,
28515230,라이트컴 COMS SW522 M.2 SSD to PCIe 변환 어댑터,6300,3000,옥션,20,
99742928,라이트컴 COMS SW545 M.2 NVMe to PCIe 변환 컨버터,13790,2900,11번가,20,
93319232,라이트컴 COMS SW570 M.2 NVMe to PCIe 컨버터,9970,2900,G마켓,20,
19729874,라이트컴 COMS SW571 M.2 NVMe to PCIe 컨버터,4980,2500,11번가,20,
95847254,라이트컴 COMS SW751 M.2 to PCIe 4x 컨버터,7310,2500,조이쿨스토어(스마트스토어),20,
99129386,라이트컴 COMS TB447 SATA 변환 컨버터,9900,3000,에픽마트(스마트스토어),20,
99126485,라이트컴 COMS TB448 M.2 NVMe to PCIe 변환 컨버터,7110,3000,에픽마트(스마트스토어),20,
54327554,라이트컴 COMS TB723 M.2 SSD to PCIe 컨버터,7300,3000,11번가,10,
40721150,라이트컴 COMS TB724 M.2 NVMe to PCIe 컨버터,7210,3000,에픽마트(스마트스토어),20,
40720937,라이트컴 COMS TB725 M.2 NVMe TO PCIe 컨버터,7310,3000,에픽마트(스마트스토어),13,
93444554,라이트컴 COMS TB734 컨버터,11160,3000,에픽마트(스마트스토어),20,
103482125,라이트컴 COMS TB830 M.2 NVme to Mini PCIe 컨버터,7650,2500,조이쿨스토어(스마트스토어),19,
89528996,라이트컴 COMS TB832 M.2 NVMe to PCIe 컨버터,8090,3000,옥션,20,
97848167,라이트컴 COMS Type A/C to SATA 컨버터 (FW627),10630,2500,조이쿨스토어(스마트스토어),15,
3450969,라이트컴 COMS Type C to SATA3 컨버터 (ITB454),13390,3000,G마켓,17,
5795579,라이트컴 COMS USB 3.0 Type C to SATA3 컨버터 (DM445),11140,3000,에픽마트(스마트스토어),20,
3599023,라이트컴 COMS USB 3.0 to SATA 컨버터 (BE490),13500,3000,에픽마트(스마트스토어),3,
102620810,라이트컴 COMS USB 3.0 to SATA+IDE 컨버터 (BF497),31390,3000,옥션,20,
10889313,라이트컴 COMS USB Type C to SATA3 케이블 (CT840),17850,3000,11번가,17,
5233958,라이트컴 COMS USB3.0 Type A to SATA 컨버터 (IB359),15940,3000,11번가,16,
9726189,라이트컴 COMS USB3.0 케이블 일체형 컨버터 (BT365),12190,3000,G마켓,13,
3495907,라이트컴 COMS eSATA to SATA 컨버터 (ITA355),6450,3000,11번가,18,
3517411,라이트컴 COMS eSATA용 SATA 컨버터 (SP953),10200,0,G마켓,20,
3905929,라이트컴 COMS mSATA + M.2 to SATA 변환 카드 (ITB169),22900,3000,에픽마트(스마트스토어),20,
5300800,라이트컴 COMS mSATA + M.2 to SATA3 변환카드 (IB956),13700,3000,11번가,16,
3332044,라이트컴 COMS mSATA to 2.5 IDE 컨버터 (IT712),16000,3000,11번가,20,
3269758,라이트컴 COMS mSATA to 2.5 SATA 컨버터 (BE574),13990,3000,옥션,20,
4197736,라이트컴 COMS mSATA to Macbook 2012 SSD 컨버터 (IB397),6890,3000,11번가,20,
3658253,라이트컴 COMS mSATA to Micro SATA 컨버터 (IT706),15090,3000,G마켓,16,
8788112,라이트컴 COMS mSATA to SATA 컨버터 (BT465),20040,2500,옥션,7,
4739353,라이트컴 COMS mSATA to SATA 컨버터 (HB679),11500,3000,11번가,20,
3448090,라이트컴 COMS mSATA to SATA 컨버터 (ITA518),25000,3000,옥션,20,
8793296,라이트컴 COMS mSATA to SATA 컨버터 (KS170),8610,3000,G마켓,18,
4702557,라이트컴 COMS mSATA to SATA 컨버터 (KS513),12800,3000,옥션,7,
3948219,라이트컴 COMS mSATA to SATA 컨버터 (KS967),7010,3000,G마켓,20,
3955016,라이트컴 COMS mSATA to SATA 컨버터 (KS968),7040,3000,11번가,20,
3969479,라이트컴 COMS mSATA to SATA 컨버터 (KS969),8900,2900,근호컴(스마트스토어),20,
8787884,라이트컴 COMS mSATA to SATA 컨버터 (NB558),13940,3000,G마켓,14,
3501709,라이트컴 COMS mSATA to SATA 컨버터 1/2 사이즈 (IT713),11820,3000,에픽마트(스마트스토어),20,
3969281,라이트컴 COMS mSATA to SATA 컨버터 2포트 (KS972),8460,3000,11번가,20,
3368996,라이트컴 COMS mSATA to SATA 컨버터 케이스 타입 (IT705),24650,2500,조이쿨스토어(스마트스토어),18,
3599980,라이트컴 COMS mSATA to SATA 케이스형 컨버터 (ITB746),12860,3000,에픽마트(스마트스토어),14,
3600031,라이트컴 COMS mSATA to SATA 케이스형 컨버터 (ITB747),12230,3000,11번가,20,
8789678,라이트컴 COMS mSATA/M.2 to SATA 컨버터 (BT467),22460,3000,11번가,20,
3969449,라이트컴 COMS 듀얼 mSATA to SATA kit (KS973),8550,3000,11번가,20,
121765328,라이트컴 Coms G3527,2550,2500,조이쿨스토어(스마트스토어),13,
110800730,"라이트컴 Coms SATA 컨버터(Dual M.2 to SATA), 2포트 PC브라켓 타입",14580,0,11번가,20,
116751565,라이트컴 Coms SATA 컨버터(IDE 2.5 HDD용),12080,3000,G마켓,17,
3960949,라이트컴 KS977 철재 하드가이드 2.5/3.5,4178,2700,SSG.COM,14,
3960918,라이트컴 KS982 철재 하드가이드 2.5,3700,2500,에이엠넷(스마트스토어),20,
16800110,라인업시스템 LANSTAR LS-PCIE-RAID 2.5 SATA 2포트 to PCIe 카드,60450,3000,옥션,20,
29809250,라인업시스템 LANSTAR M.2 NVMe to PCIe 카드 (LS-PCIE-M2SSD),5300,2500,11번가,20,
11799478,라인업시스템 LANSTAR M.2 SSD to PCIe 카드 (LS-PCIE-M2SATAN),7600,2500,11번가,20,
9727089,라인업시스템 LANSTAR USB3.0 to SATA 컨버터 (LS-USB3.0-SATA),9600,2500,11번가,20,
5615337,라인업시스템 LANSTAR mSATA to PCIe 카드 (LS-PCIE-MSATA),4600,2500,연승샵(스마트스토어),18,
14623025,래안텍 R4MTP M.2 to PCIe 컨버터,33000,0,래안텍 공식스토어(스마트스토어),2,
28393946,리더샵 NEEDS M.2 NVMe to PCIe 변환 어댑터 (NDS-PCIE-M2NVME),5100,2500,조이쿨스토어(스마트스토어),16,
12573560,리버네트워크 NEXI NX-U30SC USB 3.0 to SATA3 컨버터,15500,3000,에이엠넷(스마트스토어),12,
15880709,리버네트워크 NEXI NX1246 M.2 NVMe to PCIe 확장 카드,3600,3000,리벤플러스(스마트스토어),16,
15880778,리버네트워크 NEXI NX1247 M.2 NVMe to PCIe 확장 카드,5890,3000,G마켓,18,
5840929,리버네트워크 NEXI USB 3.0 to IDE+SATA3 컨버터 (NX-U3TIS),21890,3000,11번가,14,
16899911,마이크로닉스 WARP B2 (128GB),36720,3000,11번가,20,
16899899,마이크로닉스 WARP B2 (256GB),61030,3000,11번가,20,
16899878,마이크로닉스 WARP B2 (512GB),103310,3000,11번가,20,
11103009,마이크론 Crucial BX500 대원씨티에스 (1TB),441000,2500,옥션,1,
6429569,마이크론 Crucial BX500 대원씨티에스 (240GB),87780,3000,11번가,20,
10583226,마이크론 Crucial BX500 아스크텍 (1TB),319430,3000,11번가,9,
6453805,마이크론 Crucial BX500 아스크텍 (240GB),250000,2500,11번가,1,
11056662,마이크론 Crucial BX500 아스크텍 (2TB),580000,2500,이노윈(스마트스토어),14,
17619734,마이크론 Crucial BX500 아스크텍 (500GB),234990,2500,G마켓,4,
96366221,마이크론 Crucial E100 M.2 NVMe 대원씨티에스 (1TB),289990,2500,11번가,11,
96366248,마이크론 Crucial E100 M.2 NVMe 대원씨티에스 (2TB),384020,2500,11번가,8,
96366197,마이크론 Crucial E100 M.2 NVMe 대원씨티에스 (480GB),199000,2500,제일컴퓨터(스마트스토어),1,
124180364,마이크론 Crucial E100 M.2 NVMe 병행수입 (1TB),261220,3000,11번가,13,
96423551,마이크론 Crucial E100 M.2 NVMe 아스크텍 (1TB),277970,2500,11번가,19,
96423518,마이크론 Crucial E100 M.2 NVMe 아스크텍 (2TB),415560,3000,11번가,20,
17454743,마이크론 Crucial P3 Plus M.2 NVMe 대원씨티에스 (4TB),1000000,3000,메이드PC(스마트스토어),5,
67852961,마이크론 Crucial P310 M.2 NVMe 대원씨티에스 (1TB),296100,0,11번가,14,
67852964,마이크론 Crucial P310 M.2 NVMe 대원씨티에스 (500GB),231720,3000,11번가,10,
67852853,마이크론 Crucial P310 M.2 NVMe 아스크텍 (1TB),301250,3000,11번가,20,
67852850,마이크론 Crucial P310 M.2 NVMe 아스크텍 (2TB),662730,3000,G마켓,1,
91114985,마이크론 Crucial P310 M.2 NVMe 아스크텍 (4TB),1075000,2500,디스컴시스템(스마트스토어),1,
67852859,마이크론 Crucial P310 M.2 NVMe 아스크텍 (500GB),230220,3000,옥션,20,
91494878,마이크론 Crucial P510 M.2 NVMe 대원씨티에스 (2TB),517000,3000,LIZZ커머스(스마트스토어),14,
91039226,마이크론 Crucial P510 M.2 NVMe 아스크텍 (1TB),336540,3000,옥션,17,
91039202,마이크론 Crucial P510 M.2 NVMe 아스크텍 (2TB),610000,2500,ASK STORE(스마트스토어),1,
29666111,마이크론 Crucial T500 M.2 NVMe 대원씨티에스 (1TB),389890,2500,11번가,12,
29666195,마이크론 Crucial T500 M.2 NVMe 대원씨티에스 (2TB),644600,2500,11번가,18,
29666252,마이크론 Crucial T500 M.2 NVMe 대원씨티에스 (500GB),303090,0,옥션,6,
123799286,마이크론 Crucial T500 M.2 NVMe 병행수입 (1TB),376640,3000,11번가,17,
29655656,마이크론 Crucial T500 M.2 NVMe 아스크텍 (1TB),408440,2500,11번가,13,
29655617,마이크론 Crucial T500 M.2 NVMe 아스크텍 (2TB),640050,3000,옥션,13,
29655680,마이크론 Crucial T500 M.2 NVMe 아스크텍 (500GB),320750,3000,11번가,11,
71427998,마이크론 Crucial T705 히트싱크 화이트 에디션 M.2 NVMe 대원씨티에스 (2TB),687390,2500,롯데ON,4,
93442589,마이크론 Crucial T710 M.2 NVMe 아스크텍 (1TB),632640,0,G마켓,1,
2680556,마하링크 2.5 가이드 (ML-HG2535),440,3000,옥션,13,
1991160,베이스캠프 BC-G2535 SSD 가이드,1140,3000,베이스캠프샵(스마트스토어),13,
65357162,비즈텍 TREAVE VN200 M.2 NVMe (1TB),233440,2700,옥션,20,
65357183,비즈텍 TREAVE VN200 M.2 NVMe (512GB),128660,2500,11번가,20,
103481201,비즈텍 TREAVE VN200Q M.2 NVMe (1TB),214150,2500,11번가,20,
100325369,비즈텍 TREAVE VN200Q M.2 NVMe (256GB),72490,2500,11번가,18,
100325363,비즈텍 TREAVE VN200Q M.2 NVMe (512GB),120040,2500,11번가,20,
72912572,비즈텍 TREAVE VN250D M.2 NVMe (1TB),253000,3000,밀알시스템(스마트스토어),20,
65357129,비즈텍 TREAVE VN300 M.2 NVMe (1TB),227840,2500,11번가,20,
65357132,비즈텍 TREAVE VN300 M.2 NVMe (512GB),149550,2500,11번가,20,
65356652,비즈텍 TREAVE VS200 (128GB),36180,2500,11번가,20,
65356601,비즈텍 TREAVE VS200 (1TB),188620,2500,11번가,20,
65356643,비즈텍 TREAVE VS200 (256GB),57350,2500,메이드PC(스마트스토어),20,
65356619,비즈텍 TREAVE VS200 (512GB),101830,2500,11번가,20,
18332651,비트엠 Newsync BITS (128GB),43550,2500,가이드컴(스마트스토어),20,
18328925,비트엠 Newsync BITS (1TB),203440,3000,옥션,20,
18332642,비트엠 Newsync BITS (256GB),68270,2500,G마켓,20,
18332612,비트엠 Newsync BITS (512GB),118940,3000,옥션,20,
18332834,비트엠 Newsync BITS M.2 NVMe (1TB),240920,3000,옥션,20,
18332945,비트엠 Newsync BITS M.2 NVMe (256GB),79640,2500,G마켓,20,
18332876,비트엠 Newsync BITS M.2 NVMe (512GB),139930,3000,옥션,20,
6088334,삼성전자 860 EVO M.2 SATA 병행수입 (1TB),510000,0,옥션,1,
5834144,삼성전자 860 PRO (1TB),1062950,0,옥션,20,
5834142,삼성전자 860 PRO (256GB),829510,0,11번가,17,
5834159,삼성전자 860 PRO (2TB),1890000,0,KOREA MEDI(스마트스토어),2,
5834143,삼성전자 860 PRO (512GB),989990,0,11번가,6,
6045087,삼성전자 860 PRO 병행수입 (1TB),1250770,2500,11번가,7,
5937310,삼성전자 860 PRO 병행수입 (256GB),817170,2500,11번가,4,
13190573,삼성전자 870 EVO (1TB),422320,0,11번가,20,옥션:297910 G마켓:303430 G마켓:303430
13190384,삼성전자 870 EVO (250GB),218970,0,옥션,20,
13190630,삼성전자 870 EVO (2TB),1039490,0,11번가,20,
13190711,삼성전자 870 EVO (4TB),1989120,0,11번가,20,
13190519,삼성전자 870 EVO (500GB),296990,2900,11번가,20,
106736903,삼성전자 870 EVO (8TB),4510900,0,11번가,20,
13311974,삼성전자 870 EVO 병행수입 (1TB),404740,3000,11번가,20,
13349057,삼성전자 870 EVO 병행수입 (250GB),203670,2500,11번가,20,
13417007,삼성전자 870 EVO 병행수입 (2TB),968990,3000,11번가,20,
13860719,삼성전자 870 EVO 병행수입 (4TB),1868630,3000,11번가,20,
13312010,삼성전자 870 EVO 병행수입 (500GB),290280,2500,롯데ON,20,
122692996,삼성전자 870 EVO 병행수입 (8TB),4377420,2500,G마켓,10,
12092096,삼성전자 870 QVO (1TB),394430,3000,옥션,16,
12092081,삼성전자 870 QVO (2TB),947990,3000,11번가,20,
12092057,삼성전자 870 QVO (4TB),1890000,0,늘강 주식회사(스마트스토어),8,
11711015,삼성전자 870 QVO (8TB),2800000,0,KLCOM(스마트스토어),20,
13041338,삼성전자 870 QVO 병행수입 (1TB),500000,3000,모두의놀이터(스마트스토어),20,
13057166,삼성전자 870 QVO 병행수입 (2TB),937000,3000,모두의놀이터(스마트스토어),7,
13057157,삼성전자 870 QVO 병행수입 (4TB),1875000,3000,모두의놀이터(스마트스토어),8,
13057169,삼성전자 870 QVO 병행수입 (8TB),2598990,0,11번가,18,
78716702,삼성전자 9100 PRO M.2 NVMe (1TB),431800,0,캐논공식인증점(스마트스토어),20,
78716720,삼성전자 9100 PRO M.2 NVMe (2TB),937300,0,G마켓,20,
78716759,삼성전자 9100 PRO M.2 NVMe (4TB),1644330,0,G마켓,20,
98228288,삼성전자 9100 PRO M.2 NVMe (8TB),3710990,0,G마켓,20,
103600319,삼성전자 9100 PRO M.2 NVMe 병행수입 (1TB),398950,3000,11번가,17,
93805877,삼성전자 9100 PRO M.2 NVMe 병행수입 (2TB),835960,3000,11번가,16,
93805880,삼성전자 9100 PRO M.2 NVMe 병행수입 (4TB),1635000,3000,모두의놀이터(스마트스토어),10,
104988464,삼성전자 9100 PRO M.2 NVMe 병행수입 (8TB),3720000,3000,모두의놀이터(스마트스토어),10,
78716753,삼성전자 9100 PRO 히트싱크 M.2 NVMe (1TB),446960,0,G마켓,20,
78716747,삼성전자 9100 PRO 히트싱크 M.2 NVMe (2TB),940970,0,G마켓,20,
78716765,삼성전자 9100 PRO 히트싱크 M.2 NVMe (4TB),1881980,0,11번가,20,
98230388,삼성전자 9100 PRO 히트싱크 M.2 NVMe (8TB),3766650,0,11번가,20,
123962995,삼성전자 9100 PRO 히트싱크 M.2 NVMe 병행수입 (1TB),449270,3000,11번가,17,
124411792,삼성전자 9100 PRO 히트싱크 M.2 NVMe 병행수입 (2TB),950000,3000,모두의놀이터(스마트스토어),5,
106696151,삼성전자 9100 PRO 히트싱크 M.2 NVMe 병행수입 (4TB),1990000,3000,모두의놀이터(스마트스토어),8,
124411797,삼성전자 9100 PRO 히트싱크 M.2 NVMe 병행수입 (8TB),3780000,3000,모두의놀이터(스마트스토어),5,
8034664,삼성전자 970 EVO Plus M.2 NVMe (2TB),592800,0,떼핑(스마트스토어),1,
7238569,삼성전자 970 EVO Plus M.2 NVMe 병행수입 (1TB),410000,3000,에프에이치디(스마트스토어),5,
8153167,삼성전자 970 EVO Plus M.2 NVMe 병행수입 (2TB),537600,0,G마켓,2,
13562714,삼성전자 980 M.2 NVMe (1TB),508990,3000,G마켓,3,
13562645,삼성전자 980 M.2 NVMe (250GB),255000,3300,옥션,3,
13562693,삼성전자 980 M.2 NVMe (500GB),299880,3000,11번가,11,
13799357,삼성전자 980 M.2 NVMe 병행수입 (1TB),458000,3000,모두의놀이터(스마트스토어),6,
13799327,삼성전자 980 M.2 NVMe 병행수입 (500GB),281000,3000,모두의놀이터(스마트스토어),5,
12997217,삼성전자 980 PRO M.2 NVMe 병행수입 (1TB),488000,3000,에프에이치디(스마트스토어),4,
13377389,삼성전자 980 PRO M.2 NVMe 병행수입 (2TB),727000,3000,에프에이치디(스마트스토어),4,
12997292,삼성전자 980 PRO M.2 NVMe 병행수입 (500GB),333000,3000,모두의놀이터(스마트스토어),5,
15495944,삼성전자 980 PRO 히트싱크 M.2 NVMe (1TB),829400,0,11번가,1,
69869543,삼성전자 990 EVO Plus M.2 NVMe (1TB),331760,0,11번가,20,
69869573,삼성전자 990 EVO Plus M.2 NVMe (2TB),531620,2500,메이드PC(스마트스토어),20,
69869606,삼성전자 990 EVO Plus M.2 NVMe (4TB),1021960,0,G마켓,20,
92888363,삼성전자 990 EVO Plus M.2 NVMe 병행수입 (1TB),322000,3000,모두의놀이터(스마트스토어),20,
76339598,삼성전자 990 EVO Plus M.2 NVMe 병행수입 (2TB),474340,3000,11번가,20,
76339616,삼성전자 990 EVO Plus M.2 NVMe 병행수입 (4TB),1193000,3000,에프에이치디(스마트스토어),11,모두의놀이터(스마트스토어):1050000
123606360,삼성전자 990 M.2 NVMe (1TB),299970,0,옥션,20,
123606381,삼성전자 990 M.2 NVMe (2TB),669600,0,G마켓,20,
18297002,삼성전자 990 PRO M.2 NVMe (1TB),393090,0,G마켓,20,
18297722,삼성전자 990 PRO M.2 NVMe (2TB),688980,2900,11번가,20,
28131875,삼성전자 990 PRO M.2 NVMe (4TB),1446480,0,옥션,20,
18518807,삼성전자 990 PRO M.2 NVMe 병행수입 (1TB),365090,3000,11번가,20,
18518834,삼성전자 990 PRO M.2 NVMe 병행수입 (2TB),568410,3000,11번가,20,
41420363,삼성전자 990 PRO M.2 NVMe 병행수입 (4TB),1122410,3000,11번가,20,
20600144,삼성전자 990 PRO 히트싱크 M.2 NVMe (1TB),406630,0,G마켓,20,
20600147,삼성전자 990 PRO 히트싱크 M.2 NVMe (2TB),799000,0,HNS 정품 스토어(스마트스토어),20,
30612962,삼성전자 990 PRO 히트싱크 M.2 NVMe (4TB),1690790,0,옥션,20,
31986509,삼성전자 990 PRO 히트싱크 M.2 NVMe 병행수입 (1TB),466480,3000,G마켓,13,
40895498,삼성전자 990 PRO 히트싱크 M.2 NVMe 병행수입 (2TB),985000,3000,모두의놀이터(스마트스토어),12,
41827244,삼성전자 990 PRO 히트싱크 M.2 NVMe 병행수입 (4TB),1650000,3000,모두의놀이터(스마트스토어),10,
4872599,삼성전자 CM871a M.2 SATA 병행수입 (256GB),186980,2500,11번가,1,
8593442,삼성전자 PM1725A PCIe 병행수입 (3.2TB),2085100,0,11번가,4,
12962654,삼성전자 PM1733 U.2 to M.2 NVMe 병행수입 (15.36TB),17990000,0,디피컴(스마트스토어),1,
5702297,삼성전자 PM981 M.2 NVMe 병행수입 (1TB),304720,3000,11번가,6,
6012363,삼성전자 PM981 M.2 NVMe 병행수입 (256GB),77900,3000,옥션,2,
5702285,삼성전자 PM981 M.2 NVMe 병행수입 (512GB),184900,0,11번가,10,
9966492,삼성전자 PM981a M.2 NVMe 병행수입 (1TB),301230,3000,11번가,3,
9966378,삼성전자 PM981a M.2 NVMe 병행수입 (512GB),191660,3000,11번가,4,
10865928,삼성전자 PM991 M.2 NVMe 병행수입 (256GB),89890,2500,롯데ON,5,
14602595,삼성전자 PM991a M.2 NVMe 병행수입 (128GB),160250,2900,G마켓,1,
14602436,삼성전자 PM991a M.2 NVMe 병행수입 (1TB),303860,2500,G마켓,2,
14602550,삼성전자 PM991a M.2 NVMe 병행수입 (256GB),86140,0,롯데ON,8,
13276568,삼성전자 PM9A1 M.2 NVMe 병행수입 (1TB),369930,2500,11번가,20,
13293902,삼성전자 PM9A1 M.2 NVMe 병행수입 (256GB),123690,3000,G마켓,18,
13276304,삼성전자 PM9A1 M.2 NVMe 병행수입 (2TB),618000,3000,모두의놀이터(스마트스토어),20,
13344977,삼성전자 PM9A1 M.2 NVMe 병행수입 (512GB),245000,3000,모두의놀이터(스마트스토어),20,
76871684,삼성전자 PM9A1a M.2 NVMe 병행수입 (1TB),379900,3000,옥션,20,
76871675,삼성전자 PM9A1a M.2 NVMe 병행수입 (2TB),747770,3000,옥션,1,
97473902,삼성전자 PM9A1a M.2 NVMe 병행수입 (512GB),255000,3000,에프에이치디(스마트스토어),10,
77463476,삼성전자 PM9A3 U.2 NVMe 병행수입 (1.92TB),2290000,3000,모두의놀이터(스마트스토어),10,
77463503,삼성전자 PM9A3 U.2 NVMe 병행수입 (3.84TB),2830390,3000,11번가,16,
77463542,삼성전자 PM9A3 U.2 NVMe 병행수입 (7.68TB),4284220,3000,11번가,13,
42945764,삼성전자 PM9B1 M.2 NVMe 병행수입 (1TB),285220,3000,11번가,20,
42945617,삼성전자 PM9B1 M.2 NVMe 병행수입 (512GB),312000,3000,마이피씨샵(스마트스토어),1,
96979484,삼성전자 PM9C1b M.2 NVMe 병행수입 (1TB),398660,3000,옥션,18,
96979466,삼성전자 PM9C1b M.2 NVMe 병행수입 (512GB),257600,3000,11번가,17,
95848700,삼성전자 PM9E1 M.2 NVMe 병행수입 (1TB),464000,3000,에프에이치디(스마트스토어),20,
92187485,삼성전자 PM9E1 M.2 NVMe 병행수입 (2TB),888230,3000,11번가,20,
92187206,삼성전자 PM9E1 M.2 NVMe 병행수입 (4TB),1669440,2500,11번가,17,
95848934,삼성전자 PM9E1 M.2 NVMe 병행수입 (512GB),326990,2900,G마켓,5,
4664976,삼성전자 SM961 M.2 NVMe 병행수입 (256GB),174500,2500,11번가,1,
63036680,서진네트웍스 UNICORN 2.5인치 HDD 듀얼 컨버터 케이블 (FD-900D),8640,0,CJ온스타일,20,
3669333,서진네트웍스 UNICORN 2.5형 하드보관 케이스,1700,2500,옥션,10,
3669316,서진네트웍스 UNICORN 3.5형 하드보관 케이스,1450,3000,옥션,20,
93704684,서진네트웍스 UNICORN JM-200 M.2 SSD 보관케이스,6900,0,더원 스토리(스마트스토어),20,
89612558,서진네트웍스 UNICORN M.2 SSD 보관케이스,4890,3000,옥션,13,
8467275,서진네트웍스 UNICORN USB 3.0 Type C to SATA 케이블 (FD-800SATAC),9900,3000,아이에너지배터리(스마트스토어),3,
8467623,서진네트웍스 UNICORN USB 3.0 to SATA 케이블 (FD-700SATAA),11465,0,SSG.COM,20,
5020544,서진네트웍스 UNICORN USB 3.0 to SATA 케이블 (HD-300SATA),9500,3000,더베스트(스마트스토어),20,
5548440,서진네트웍스 UNICORN USB 3.0 to SATA 케이블 (HD-500SATAA),15400,2500,제이제이컴(스마트스토어),19,
5548362,서진네트웍스 UNICORN USB Type C to SATA 케이블 (HD-500SATAC),16900,3000,더베스트(스마트스토어),6,
18917405,솔리다임 D3-S4520 (1.92TB),4490000,0,디피컴(스마트스토어),1,
18917474,솔리다임 D3-S4520 (3.84TB),5490000,0,디피컴(스마트스토어),1,
18917360,솔리다임 D3-S4520 (480GB),1899000,0,디피컴(스마트스토어),1,
18917492,솔리다임 D3-S4520 (7.68TB),4116000,3000,G마켓,5,
18917384,솔리다임 D3-S4520 (960GB),2599000,0,디피컴(스마트스토어),1,
17706074,솔리다임 P41 PLUS M.2 NVMe (2TB),543320,2500,옥션,3,
11834728,쏘 Drive M.2 NVMe (512GB),99800,3000,옥션,1,
102128060,아이티젠 M.2 NVMe PCI-E 1x 변환 컨버터,3990,3000,11번가,8,
102355247,아이티젠 M.2 NVMe PCI-E 4x 듀얼 변환 컨버터,5760,3000,11번가,9,
102128081,아이티젠 M.2 NVMe PCI-E 4x 변환 컨버터,3990,3000,11번가,20,
13355141,에이서 FA100 M.2 NVMe (512GB),159000,3500,부산PC사랑(스마트스토어),1,
16039961,에이서 프레데터 GM7000 M.2 NVMe (1TB),333960,0,옥션,4,
106749752,에이서 프레데터 GM9000 M.2 NVMe (1TB),351690,0,옥션,5,
106749746,에이서 프레데터 GM9000 M.2 NVMe (2TB),584630,0,옥션,5,
42205625,엔터컴 3.5형 HDD 케이스 고급형,2200,3000,G마켓,4,
15115958,엠비에프 MBF-U3SATA-BK USB 3.0 to SATA3 컨버터,7420,3000,11번가,6,
16779401,엠비에프 MBF-UC3SATA-BK USB 3.0 Type C to SATA 어댑터,8700,3000,씨게이트온라인판매점(스마트스토어),20,
12372326,엠씨케이글로벌 OUTTON MK-500 LITE M.2 NVMe (128GB),83000,2500,온라인판매점l(스마트스토어),20,
12372446,엠씨케이글로벌 OUTTON MK-500 LITE M.2 NVMe (256GB),106500,2500,G마켓,20,
12575978,엠씨케이글로벌 OUTTON MK-500 LITE M.2 SATA (128GB),60000,2500,온라인판매점l(스마트스토어),20,
12576071,엠씨케이글로벌 OUTTON MK-500 LITE M.2 SATA (512GB),132990,3000,11번가,18,
12544625,엠씨케이글로벌 OUTTON MK-500 LITE SSD (128GB),49000,3000,옥션,20,
12545087,엠씨케이글로벌 OUTTON MK-500 LITE SSD (1TB),198000,2500,DSTCNC(스마트스토어),20,
12545057,엠씨케이글로벌 OUTTON MK-500 LITE SSD (256GB),85000,2500,DSTCNC(스마트스토어),8,
19193414,엠씨케이글로벌 OUTTON MK-500 LITE SSD (2TB),350000,2500,DSTCNC(스마트스토어),20,
12545069,엠씨케이글로벌 OUTTON MK-500 LITE SSD (512GB),136500,2500,DSTCNC(스마트스토어),20,
15400988,위젤 오랜웰 SG01 2.5 to 3.5 가이드,460,3000,11번가,6,
5889167,위즈플랫 2.5 SATA3 변환 마운트 (SRIN2535),21210,2500,옥션,10,
122642444,위즈플랫 SPX-3520N 하드보관함,49790,3000,11번가,15,
92233751,위즈플랫 SPX-M215 M.2 SSD 보관함,24350,3000,11번가,15,
3438986,위즈플랫 새로텍 HDD Protection Box SPX-3510N,34820,3000,옥션,17,
1447820,위즈플랫 새로텍 SPX-35 하드 보관함 케이스,5490,3000,11번가,13,
20313611,이메이션 Q971 M.2 NVMe (1TB),265000,3000,투픽스(스마트스토어),4,
20313632,이메이션 Q971 M.2 NVMe (2TB),419000,3000,투픽스(스마트스토어),4,
20313485,이메이션 Q971 M.2 NVMe (512GB),159000,3000,투픽스(스마트스토어),5,
75656285,이메이션 XPro (256GB),68900,3000,투픽스(스마트스토어),4,
75656279,이메이션 XPro (512GB),102900,3000,투픽스(스마트스토어),3,
9652941,이지넷유비쿼터스 M.2 to SATA 변환 어댑터 (1NGFF1S),23700,0,이고마띠(스마트스토어),1,
13228772,이지넷유비쿼터스 NEXT-338TC USB-C to SATA 컨버터,16200,0,근호컴(스마트스토어),11,
3229500,이지넷유비쿼터스 NEXT-418U3 SATA,25500,0,옥션,11,
13228940,이지넷유비쿼터스 NEXT-448TC USB-C to SATA 컨버터,17900,0,넷트루(스마트스토어),12,
1297346,이지넷유비쿼터스 NEXT-HDD BOX 하드 보호케이스,3790,3000,옥션,8,
16860140,이지넷유비쿼터스 NEXTU NEXT-M2290G2DC M.2 & SATA 클론 어댑터,49400,0,씨게이트온라인판매점(스마트스토어),11,
28247900,이지넷유비쿼터스 NEXTU 화이듀 M2296PCIe M.2 to PCIe 변환 어댑터,9800,0,씨게이트온라인판매점(스마트스토어),15,
5115382,이지넷유비쿼터스 USB 2.0 to SATA/IDE 컨트롤러 (NEXT-218SATAIDE NEW),19490,3000,옥션,7,
3932027,이지넷유비쿼터스 USB 3.0 2.5형 SSD/HDD SATA3 컨트롤러 (NEXT-415MU3),5600,3000,씨게이트온라인판매점(스마트스토어),18,
1510996,이지넷유비쿼터스 USB 3.0 to SATA 확장 어댑터 (NEXT-318U3),18400,3000,씨게이트온라인판매점(스마트스토어),20,
9831483,이지넷유비쿼터스 USB 3.0 to SATA/IDE 컨트롤러 (NEXT-518U3 SATAIDE),24200,0,11번가,19,
9651540,이지넷유비쿼터스 mSATA to SATA 변환 어댑터 (1MSATA1S),20700,3000,정품인증판매점(스마트스토어),6,
75465446,인네트워크 IN-325ST USB to SATA 컨버터,4800,3000,씨게이트온라인판매점(스마트스토어),17,
20753111,인네트워크 IN-PCIEX-M2NA M.2 NVMe to PCIe 확장 카드,4800,3000,씨게이트온라인판매점(스마트스토어),16,
20753024,인네트워크 IN-PCIEX-M2NB M.2 NVMe to PCIe 확장 카드,4520,3000,티오제트 toz(스마트스토어),10,
93700160,인네트워크 IN-ST3025 USB to SATA 컨버터,4520,3000,씨게이트온라인판매점(스마트스토어),20,
6460539,인텔 D3-S4510 (1.92TB),4990000,0,디피컴(스마트스토어),1,
6460412,인텔 D3-S4510 (240GB),1507000,0,디피컴(스마트스토어),1,
6460532,인텔 D3-S4510 (480GB),1699000,0,디피컴(스마트스토어),1,
66139043,인텔 D3-S4510 (7.68TB),8852000,0,디피컴(스마트스토어),1,
6460535,인텔 D3-S4510 (960GB),2739000,0,디피컴(스마트스토어),1,
13686647,인텔 DC P4610 (1.6TB),817410,3000,옥션,2,
5115555,인텔 Optane Memory M.2 NVMe (16GB),57660,0,G마켓,8,
90958346,장우컴퍼니 JW-M.2 SSD 연장 가이드,2800,2500,메이드PC(스마트스토어),12,
14261117,장우컴퍼니 M.2 SSD 연장 가이드,1800,2500,에이엠넷(스마트스토어),19,
14535104,조이쿨 2.5 to 3.5 듀얼 가이드,1200,2500,11번가,18,
14535221,조이쿨 2.5 to 3.5 레드 가이드,520,2500,G마켓,14,
14904665,조이쿨 2.5/3.5 to 5.25 가이드,1500,2500,옥션,16,
17564345,조이쿨 3.5 to 5.25 가이드,1610,2500,메이드PC(스마트스토어),20,
13105946,조이쿨 3.5 변환 SSD 가이드,740,2500,옥션,19,
14810525,조이쿨 M.2 SSD 조립용 나사 (10개),380,2500,메이드PC(스마트스토어),16,
14810528,조이쿨 M.2 SSD 조립용 나사 (50개),2000,2500,메이드PC(스마트스토어),14,
21193868,조이쿨 M.2 육각나사 세트,1000,2500,쇼핑컴퍼닉(스마트스토어),16,
14070197,조이쿨 SSD 고정용 나사 (100개),2500,2500,G마켓,14,
14069789,조이쿨 SSD 고정용 나사 (20개),540,2500,메이드PC(스마트스토어),14,
28399487,컴이지 KINGDOM PM M.2 NVMe (512GB),154070,3000,11번가,3,
15064685,케이엘시스템 2.5 SSD 조립용 나사 (20개),900,2500,11번가,3,
13761134,케이엘시스템 KLcom 2.5 to 3.5 싱글 가이드,520,2500,에이엠넷(스마트스토어),8,
3730877,케이엘시스템 KLcom SATA to USB 2.0 컨버터 (KL-STU20),3740,2500,클럽라이더(스마트스토어),11,
6123717,케이엘시스템 KLcom SATA to USB 3.0 컨버터 (KL-STU30),6230,3000,11번가,4,
19764002,퀄리티어슈어런스코리아 2.5인치 HDD SSD 하드보관함,980,3000,옥션,10,
12384710,크로셀 CORE (128GB),47950,2500,11번가,20,
11282967,키오시아 EXCERIA (480GB),120000,0,도시바 인증판매원(스마트스토어),20,
101545817,키오시아 EXCERIA BASIC M.2 NVMe (1TB),300000,0,도시바 인증판매원(스마트스토어),20,
101545757,키오시아 EXCERIA BASIC M.2 NVMe (2TB),504340,2500,G마켓,20,도시바 인증판매원(스마트스토어):389000
104228888,키오시아 EXCERIA G3 M.2 NVMe (1TB),378220,3000,11번가,20,
104228885,키오시아 EXCERIA G3 M.2 NVMe (2TB),572590,3000,11번가,20,
122719763,키오시아 EXCERIA G3 M.2 NVMe (4TB),1632240,3000,옥션,18,
30271115,키오시아 EXCERIA PLUS G3 M.2 NVMe (1TB),342020,3000,G마켓,20,
30271118,키오시아 EXCERIA PLUS G3 M.2 NVMe (2TB),543380,3000,11번가,20,
74056493,키오시아 EXCERIA PLUS G4 M.2 NVMe (1TB),348990,0,11번가,20,
74056484,키오시아 EXCERIA PLUS G4 M.2 NVMe (2TB),499000,0,도시바 인증판매원(스마트스토어),20,
104228879,키오시아 EXCERIA PRO G2 M.2 NVMe (1TB),533990,3000,11번가,20,
104228876,키오시아 EXCERIA PRO G2 M.2 NVMe (2TB),961330,3000,11번가,20,
104228882,키오시아 EXCERIA PRO G2 M.2 NVMe (4TB),1739840,3000,옥션,20,
74971610,키오시아 EXCERIA 히트싱크 M.2 NVMe (1TB),400000,0,옥션,2,
74971640,키오시아 EXCERIA 히트싱크 M.2 NVMe (2TB),559010,3000,11번가,20,
96773153,킹스톤 FURY Renegade G5 M.2 NVMe (1TB),787680,0,11번가,20,
96773120,킹스톤 FURY Renegade G5 M.2 NVMe (2TB),1200440,2500,11번가,18,
96772838,킹스톤 FURY Renegade G5 M.2 NVMe (4TB),2275570,2500,11번가,18,
96773165,킹스톤 KC3000 M.2 NVMe (1TB),440020,2500,G마켓,20,
96773093,킹스톤 KC3000 M.2 NVMe (2TB),645820,2500,G마켓,20,
96773027,킹스톤 KC3000 M.2 NVMe (4TB),1484000,3000,모두의놀이터(스마트스토어),18,
96773204,킹스톤 KC3000 M.2 NVMe (512GB),356720,2500,G마켓,18,
122635825,킹스톤 KC3000 M.2 NVMe 병행수입 (1TB),337350,0,11번가,11,
106686851,킹스톤 NV3 M.2 2230 NVMe 병행수입 (1TB),379400,3200,GS SHOP,8,
106686848,킹스톤 NV3 M.2 2230 NVMe 병행수입 (2TB),649580,2500,11번가,18,
106686854,킹스톤 NV3 M.2 2230 NVMe 병행수입 (500GB),206450,2500,11번가,20,
96772595,킹스톤 NV3 M.2 NVMe (1TB),297760,2500,G마켓,20,
96772562,킹스톤 NV3 M.2 NVMe (2TB),541250,3000,11번가,20,
96772508,킹스톤 NV3 M.2 NVMe (4TB),1347930,3000,11번가,17,
96772631,킹스톤 NV3 M.2 NVMe (500GB),192770,3000,11번가,20,
103751138,킹스톤 NV3 M.2 NVMe 병행수입 (1TB),267990,0,11번가,16,
103751144,킹스톤 NV3 M.2 NVMe 병행수입 (500GB),255000,3000,모두의놀이터(스마트스토어),5,
11708717,타무즈 GK300 (64GB),28680,3000,11번가,20,
11887939,타무즈 GKM330 M.2 2242 SATA (128GB),40460,3000,G마켓,20,
11888062,타무즈 GKM330 M.2 2242 SATA (1TB),298880,2900,11번가,3,
11887951,타무즈 GKM330 M.2 2242 SATA (256GB),99970,2500,11번가,13,
11888050,타무즈 GKM330 M.2 2242 SATA (512GB),159610,3000,11번가,20,
11887891,타무즈 GKM330 M.2 2242 SATA (64GB),67880,2500,11번가,20,
9701229,타무즈 GKM330 M.2 SATA (128GB),59980,3000,11번가,20,
9701295,타무즈 GKM330 M.2 SATA (256GB),83690,3000,11번가,20,
9701343,타무즈 GKM330 M.2 SATA (512GB),122850,3000,11번가,20,
10034022,타무즈 GKX370 mSATA (128GB),84630,2500,G마켓,20,
10034037,타무즈 GKX370 mSATA (256GB),107510,3000,11번가,20,
10034049,타무즈 GKX370 mSATA (512GB),192600,3000,11번가,20,
10033965,타무즈 GKX370 mSATA (64GB),58490,3000,11번가,20,
91765991,타무즈 M820 M.2 NVMe (1TB),267370,3000,11번가,20,
91765979,타무즈 M820 M.2 NVMe (512GB),149190,3000,옥션,20,
5086842,탑라인에이치디 HDTOP 3.5형 하드보관함,2800,3000,신디넷(스마트스토어),12,
6998212,탑라인에이치디 HDTOP USB 3.0 to SATA 2.5형 컨버터 (HT-A100),6700,3000,쇼핑컴퍼닉(스마트스토어),18,
49252109,탑라인에이치디 솔탑 HT-A200 컨버터,7000,3000,하루아이티(스마트스토어),8,
7430038,트랜센드 MSA230S mSATA (128GB),118000,2500,하루아이티(스마트스토어),20,
8842694,트랜센드 MSA230S mSATA (256GB),192000,2500,SCM스토어(스마트스토어),20,
17550233,트랜센드 MSA230S mSATA (512GB),325000,2500,11번가,20,
7430029,트랜센드 MSA230S mSATA (64GB),79500,2500,하루아이티(스마트스토어),20,
2813737,트랜센드 MSA370 mSATA (128GB),789000,2500,11번가,20,
2813743,트랜센드 MSA370 mSATA (256GB),1530000,0,남강 온라인스토어(스마트스토어),20,
3568758,트랜센드 MSA370 mSATA (32GB),222000,2500,SCM스토어(스마트스토어),14,
2837539,트랜센드 MSA370 mSATA (512GB),3250000,2500,SCM스토어(스마트스토어),14,
2813718,트랜센드 MSA370 mSATA (64GB),414000,2500,11번가,17,
16245542,트랜센드 MTE110Q M.2 NVMe (1TB),345000,2500,SCM스토어(스마트스토어),20,
16245587,트랜센드 MTE110Q M.2 NVMe (500GB),161820,3000,G마켓,20,
6242066,트랜센드 MTE110S M.2 NVMe (128GB),89000,2500,SCM스토어(스마트스토어),20,
6938251,트랜센드 MTE110S M.2 NVMe (1TB),360000,2500,11번가,20,
6242075,트랜센드 MTE110S M.2 NVMe (256GB),125550,3000,G마켓,20,
17549690,트랜센드 MTE110S M.2 NVMe (2TB),897670,2500,G마켓,18,
6242079,트랜센드 MTE110S M.2 NVMe (512GB),163680,3000,G마켓,20,
8049886,트랜센드 MTE220S M.2 NVMe (1TB),680000,2500,11번가,20,
8049865,트랜센드 MTE220S M.2 NVMe (256GB),192510,3000,G마켓,20,
11093694,트랜센드 MTE220S M.2 NVMe (2TB),985000,2500,11번가,20,
8049874,트랜센드 MTE220S M.2 NVMe (512GB),300390,3000,G마켓,20,
14081222,트랜센드 MTE240S M.2 NVMe (1TB),494990,2500,11번가,20,
99476564,트랜센드 MTE240S M.2 NVMe (2TB),1023850,3000,옥션,12,
14081342,트랜센드 MTE240S M.2 NVMe (500GB),380000,2500,11번가,20,
29307890,트랜센드 MTE245S M.2 NVMe (1TB),375000,2500,11번가,20,
68915633,트랜센드 MTE245S M.2 NVMe (250GB),160000,2500,SCM스토어(스마트스토어),20,
29307863,트랜센드 MTE245S M.2 NVMe (2TB),800000,2500,11번가,20,
29307746,트랜센드 MTE245S M.2 NVMe (4TB),1577500,2500,11번가,20,
29340407,트랜센드 MTE245S M.2 NVMe (500GB),244990,2500,11번가,20,
18581684,트랜센드 MTE250H M.2 NVMe (1TB),765000,2500,11번가,20,
18581717,트랜센드 MTE250H M.2 NVMe (2TB),1060000,2500,SCM스토어(스마트스토어),20,
18479384,트랜센드 MTE250S M.2 NVMe (2TB),1057430,2500,11번가,20,
19094288,트랜센드 MTE250S M.2 NVMe (4TB),2129500,3000,11번가,20,
77965361,트랜센드 MTE255S M.2 NVMe (1TB),480000,2500,SCM스토어(스마트스토어),20,
77965343,트랜센드 MTE255S M.2 NVMe (2TB),920000,2500,SCM스토어(스마트스토어),20,
96649172,트랜센드 MTE260S M.2 NVMe (1TB),543300,2500,11번가,17,
94811477,트랜센드 MTE260S M.2 NVMe (2TB),1290000,0,남강 온라인스토어(스마트스토어),17,
99637886,트랜센드 MTE260S M.2 NVMe (4TB),2640000,2500,11번가,18,
24708467,트랜센드 MTE300S M.2 2230 NVMe (1TB),487000,3000,11번가,20,
19175660,트랜센드 MTE300S M.2 2230 NVMe (256GB),156000,2500,G마켓,18,
19175726,트랜센드 MTE300S M.2 2230 NVMe (512GB),272230,2500,G마켓,18,
68789954,트랜센드 MTE310S M.2 2230 NVMe (1TB),492540,2500,11번가,20,
74056328,트랜센드 MTE310S M.2 2230 NVMe (2TB),975000,2500,아라컴스토어(스마트스토어),13,
68790020,트랜센드 MTE310S M.2 2230 NVMe (512GB),269000,2500,SCM스토어(스마트스토어),20,
19176074,트랜센드 MTE400S M.2 2242 NVMe (1TB),490000,2500,11번가,20,
19175996,트랜센드 MTE400S M.2 2242 NVMe (256GB),156000,2500,11번가,13,
30217520,트랜센드 MTE400S M.2 2242 NVMe (2TB),964990,2500,11번가,20,
19176044,트랜센드 MTE400S M.2 2242 NVMe (512GB),263960,2500,11번가,20,
32682920,트랜센드 MTE410S M.2 2242 NVMe (1TB),495000,2500,11번가,20,
32673455,트랜센드 MTE410S M.2 2242 NVMe (2TB),972000,2500,11번가,20,
32690744,트랜센드 MTE410S M.2 2242 NVMe (512GB),269000,2500,11번가,20,
110821325,트랜센드 MTS420S M.2 2242 (120GB),77000,2500,아라컴스토어(스마트스토어),12,
121327172,트랜센드 MTS420S M.2 2242 (240GB),103000,2500,메이드PC(스마트스토어),7,
112350194,트랜센드 MTS420S M.2 2242 (480GB),215000,2500,SCM스토어(스마트스토어),13,
15847229,트랜센드 MTS420S M.2 2242 SATA (120GB),77000,2500,SCM스토어(스마트스토어),20,
15847280,트랜센드 MTS420S M.2 2242 SATA (240GB),100000,2500,SCM스토어(스마트스토어),20,
15847289,트랜센드 MTS420S M.2 2242 SATA (480GB),215000,2500,G마켓,20,
4413015,트랜센드 MTS820 M.2 SATA (120GB),70000,2500,하루아이티(스마트스토어),7,
4413004,트랜센드 MTS820 M.2 SATA (240GB),143840,3000,옥션,2,
5986682,트랜센드 MTS820S M.2 SATA (120GB),70000,2500,11번가,20,
5986687,트랜센드 MTS820S M.2 SATA (240GB),123000,2500,SCM스토어(스마트스토어),20,
5986690,트랜센드 MTS820S M.2 SATA (480GB),189000,2500,아라컴스토어(스마트스토어),20,
6798478,트랜센드 MTS830S M.2 SATA (128GB),106000,2500,11번가,20,
6938563,트랜센드 MTS830S M.2 SATA (1TB),489000,2500,하루아이티(스마트스토어),20,
6798490,트랜센드 MTS830S M.2 SATA (256GB),185630,2500,11번가,20,
6798502,트랜센드 MTS830S M.2 SATA (512GB),289000,0,KOREA MEDI(스마트스토어),20,
12284690,트랜센드 SSD220Q (2TB),863990,2500,11번가,20,
4091615,트랜센드 SSD220S (120GB),69000,2500,11번가,20,
3975348,트랜센드 SSD220S (240GB),125000,2500,남강 온라인스토어(스마트스토어),20,
3975334,트랜센드 SSD220S (480GB),169000,2500,WASDIT(스마트스토어),20,
17719241,트랜센드 SSD225S (1TB),383000,2500,WASDIT(스마트스토어),20,
17719367,트랜센드 SSD225S (250GB),125000,2500,11번가,20,
17719115,트랜센드 SSD225S (2TB),910000,2500,남강 온라인스토어(스마트스토어),20,
17719292,트랜센드 SSD225S (500GB),169000,2500,11번가,20,
4825624,트랜센드 SSD230S (128GB),93930,3000,G마켓,20,
5901598,트랜센드 SSD230S (1TB),455000,2500,WASDIT(스마트스토어),20,
4825610,트랜센드 SSD230S (256GB),190000,2500,WASDIT(스마트스토어),20,
7631194,트랜센드 SSD230S (2TB),1650000,0,남강 온라인스토어(스마트스토어),20,
17594117,트랜센드 SSD230S (4TB),1700000,3000,INDUKOREA(스마트스토어),20,
4825561,트랜센드 SSD230S (512GB),245280,3000,G마켓,20,
119032061,트랜센드 SSD230S mSATA (64GB),79500,2500,아라컴스토어(스마트스토어),1,
3190082,트랜센드 SSD370S (128GB),778000,2500,이선디지탈(스마트스토어),2,
3244009,트랜센드 SSD370S (1TB),5890000,2500,이선디지탈(스마트스토어),2,
3190087,트랜센드 SSD370S (256GB),1515000,2500,이선디지탈(스마트스토어),2,
3208163,트랜센드 SSD370S (512GB),2960000,2500,이선디지탈(스마트스토어),2,
3190080,트랜센드 SSD370S (64GB),410000,2500,이선디지탈(스마트스토어),2,
9469365,트로이씨앤씨 MTros MS820 SSD (256GB),61110,3000,11번가,20,
96653579,티테크놀로지 T-2230-2242 M.2 SSD 연장 가이드,1920,2500,11번가,13,
96653594,티테크놀로지 T-2230-2280 M.2 SSD 연장 가이드,1920,2500,11번가,20,
96583484,티테크놀로지 T-2242-2280 M.2 SSD 연장 가이드,1650,3000,11번가,18,
96583529,티테크놀로지 T-M2-3080 M.2 SSD 연장 가이드,2060,2500,11번가,11,
95205635,티테크놀로지 T-MS2S-PCB mSATA to SATA 컨버터,5490,2500,G마켓,20,
98077121,티테크놀로지 T-NGFF-CASE M.2 to SATA 컨버터,7230,3000,11번가,20,
99556811,티테크놀로지 TG-2535 2.5 to 3.5 HDD 장착 가이드,660,2500,옥션,20,
18652859,티테크놀로지 TG-D2535 듀얼 가이드,1490,2500,G마켓,20,
2482945,티피원 storyG 3.5형 하드 케이스,1310,2500,11번가,10,
8733068,프레젠샵 2.5 to 3.5 1단 변환 가이드 (PS-G002),890,3000,옥션,20,
8733152,프레젠샵 2.5 to 3.5 2단 변환 가이드 (PS-G003),1520,3000,옥션,20,
11012049,한창코퍼레이션 Cloud M.2 NVMe (128GB),53900,3000,G마켓,20,
11012139,한창코퍼레이션 Cloud M.2 NVMe (1TB),246960,3000,G마켓,20,
11012085,한창코퍼레이션 Cloud M.2 NVMe (256GB),95060,3000,G마켓,20,
11012115,한창코퍼레이션 Cloud M.2 NVMe (512GB),151900,3000,G마켓,20,
10839285,한창코퍼레이션 Cloud M.2 SATA (1TB),205800,3000,G마켓,19,
10839261,한창코퍼레이션 Cloud M.2 SATA (256GB),64680,3000,G마켓,20,
10839279,한창코퍼레이션 Cloud M.2 SATA (512GB),132300,3000,G마켓,20,
7981315,한창코퍼레이션 Cloud SSD (120GB),49000,3000,G마켓,20,
7981351,한창코퍼레이션 Cloud SSD (128GB),50960,3000,G마켓,20,
7981645,한창코퍼레이션 Cloud SSD (1TB),203840,3000,G마켓,20,
7981372,한창코퍼레이션 Cloud SSD (240GB),60760,3000,G마켓,19,
7981390,한창코퍼레이션 Cloud SSD (256GB),63700,3000,G마켓,20,
122700957,한창코퍼레이션 Cloud SSD (2TB),343000,3000,G마켓,11,
7981411,한창코퍼레이션 Cloud SSD (480GB),117600,3000,G마켓,20,
7981429,한창코퍼레이션 Cloud SSD (512GB),131320,3000,G마켓,20,
19508336,한창코퍼레이션 WIN M.2 NVMe (128GB),49000,3000,G마켓,20,
19508660,한창코퍼레이션 WIN M.2 NVMe (1TB),215600,3000,G마켓,20,
19508561,한창코퍼레이션 WIN M.2 NVMe (256GB),78400,3000,G마켓,20,
19508612,한창코퍼레이션 WIN M.2 NVMe (512GB),137200,3000,G마켓,20,
19508843,한창코퍼레이션 WIN SSD (120GB),34300,3000,G마켓,20,
19508897,한창코퍼레이션 WIN SSD (128GB),35280,3000,G마켓,20,
19509350,한창코퍼레이션 WIN SSD (1TB),186200,3000,G마켓,20,
19509188,한창코퍼레이션 WIN SSD (240GB),56840,3000,G마켓,20,
19509257,한창코퍼레이션 WIN SSD (256GB),58800,3000,G마켓,20,
73121480,화웨이 eKitStor Xtreme 200E M.2 NVMe (1TB),289000,2500,11번가,20,
102411863,화웨이 eKitStor Xtreme 201 M.2 NVMe (1TB),299000,2500,디스컴시스템(스마트스토어),20,
102411866,화웨이 eKitStor Xtreme 201 M.2 NVMe (2TB),504990,2500,11번가,20,
