product_code,product_name,09:00,10:00,16:00
54101633,ADT Link UT3G (해외구매),220710,220710,220710
78306452,AFOX 라데온 RX 580 2048SP D5 8GB 디앤디컴,185990,185990,185990
104752559,AFOX 라데온 RX 580 2048SP H3 D5 8GB 대원씨티에스,175620,175620,175620
14077739,AFOX 지포스 G210 D3 512MB LP 디앤디컴,25980,25980,26000
28624916,AFOX 지포스 GT1030 L5 D5 2GB LP 디앤디컴,120140,120140,120140
6288917,AFOX 지포스 GT710 L5 D3 1GB LP 디앤디컴,58490,58490,59000
14077574,AFOX 지포스 GT730 D3 2GB LP 무소음 디앤디컴,68530,68530,68530
36709184,AFOX 지포스 GTX 1650 D6 4GB 대원씨티에스,287800,287800,287800
68241932,AFOX 지포스 GTX 1660 SUPER H7 D6 6GB DUAL 백플레이트 대원씨티에스,299000,299000,299000
101077676,AFOX 지포스 GTX1050 Ti H7 D5 4GB 대원씨티에스,210000,210000,210000
62160119,AFOX 지포스 GTX1050 Ti H7 D5 4GB 디앤디컴,206510,206510,206510
21540362,AFOX 지포스 RTX 3070 D6 8GB 대원씨티에스,651290,651290,651290
54103622,AKiTiO 노드 타이탄 eGPU BOX (해외구매),748800,748800,748800
15360209,AMD 라데온 PRO W5500 D6 8GB 대원씨티에스,381410,381410,381400
26036747,AMD 라데온 PRO W7500 D6 8GB,860930,860930,860930
26035931,AMD 라데온 PRO W7600 D6 8GB,1160220,1160220,1160220
5492030,AMD 라데온 PRO WX2100 D5 2GB LP,236550,236550,236550
14296337,AMD 라데온 PRO WX3200 D5 4GB LP 대원씨티에스,203500,203500,203500
79400453,AOOSTAR XG76XT 라데온 RX 7600 XT D6 8GB (해외구매),767904,767904,767904
10427364,ARKTEK 지포스 GTX 1660 SUPER D6 6GB,311850,311850,311850
124335705,ARKTEK 지포스 GTX 1660 SUPER Dual Fan D6 6GB,,,
71010194,ASL 지포스 GTX 1660 SUPER RAGE-X D6 6GB,275000,275000,275000
98771519,ASRock 라데온 AI PRO R9700 Creator D6 32GB 대원씨티에스,2878990,2878990,2878980
17420300,ASRock 라데온 RX 6600 CHALLENGER D D6 8GB 대원씨티에스,439900,439900,439900
27546905,ASRock 라데온 RX 7600 CHALLENGER OC D6 8GB 대원씨티에스,494920,494920,494920
97410422,ASRock 라데온 RX 9060 CHALLENGER D6 8GB 대원씨티에스,588780,588780,588780
91909763,ASRock 라데온 RX 9060 XT CHALLENGER OC D6 16GB 대원씨티에스,780000,780000,789340
91909691,ASRock 라데온 RX 9060 XT CHALLENGER OC D6 8GB 대원씨티에스,658000,658000,658000
91909781,ASRock 라데온 RX 9060 XT 스틸레전드 OC D6 16GB 대원씨티에스,884670,884670,884670
91909775,ASRock 라데온 RX 9060 XT 스틸레전드 OC D6 8GB 대원씨티에스,630000,630000,630000
78985724,ASRock 라데온 RX 9070 Challenger D6 16GB 대원씨티에스,,,996770
99711887,ASRock 라데온 RX 9070 XT CHALLENGER D6 16GB 대원씨티에스,1359000,1359000,1359000
77317754,ASRock 라데온 RX 9070 XT Taichi OC D6 16GB 대원씨티에스,1716710,1716710,1716710
77318285,ASRock 라데온 RX 9070 XT 스틸레전드 D6 16GB 대원씨티에스,1498980,1498980,1498980
90701579,ASRock 라데온 RX 9070 XT 스틸레전드 DARK D6 16GB 대원씨티에스,1499000,1499000,1499000
124335198,ASUS ASUS 지포스 RTX 5060 Ti OC D7 8GB T1 Edition 코잇,,,
74341484,ASUS DUAL 라데온 RX 7600 O8G EVO OC D6 8GB,459710,459710,459690
95985854,ASUS DUAL 라데온 RX 9060 D6 8GB 대원씨티에스,583520,583520,583520
122713927,ASUS DUAL 라데온 RX 9060 D6 8GB 엠버 앤 블레이드 에디션 대원씨티에스,598980,598980,598980
124326639,ASUS DUAL 라데온 RX 9060 D6 8GB 인텍앤컴퍼니,,,
97117439,ASUS DUAL 라데온 RX 9060 XT D6 16GB 대원씨티에스,769990,769990,769990
91871504,ASUS DUAL 라데온 RX 9060 XT D6 8GB 대원씨티에스,698990,698990,698990
122705638,ASUS DUAL 지포스 RTX 3050 D6 6GB 대원씨티에스,470000,470000,470000
68918675,ASUS DUAL 지포스 RTX 3050 D6 6GB 인텍앤컴퍼니,387770,387770,387770
124327427,ASUS DUAL 지포스 RTX 3050 D6 6GB 코잇,,,
63086675,ASUS DUAL 지포스 RTX 3050 O6G OC D6 6GB 대원씨티에스,441000,441000,441000
35813972,ASUS DUAL 지포스 RTX 3050 O6G OC D6 6GB 인텍앤컴퍼니,399000,399000,399000
122726685,ASUS DUAL 지포스 RTX 3050 O6G OC D6 6GB 코잇,473500,473500,473500
14857055,ASUS DUAL 지포스 RTX 3060 Ti O8G OC MINI D6 8GB,800000,800000,800000
124327441,ASUS DUAL 지포스 RTX 3060 V2 O12G OC D6 12GB 코잇,,,
94524596,ASUS DUAL 지포스 RTX 5050 D6 8GB 대원씨티에스,590000,590000,590000
93318653,ASUS DUAL 지포스 RTX 5050 OC D6 8GB 대원씨티에스,577000,577000,577000
93697997,ASUS DUAL 지포스 RTX 5050 OC D6 8GB 인텍앤컴퍼니,595840,595840,595840
122726712,ASUS DUAL 지포스 RTX 5050 OC D6 8GB 코잇,590830,590830,590830
93861539,ASUS DUAL 지포스 RTX 5060 D7 8GB 인텍앤컴퍼니,765000,765000,765000
124327549,ASUS DUAL 지포스 RTX 5060 D7 8GB 코잇,,,
104989451,ASUS DUAL 지포스 RTX 5060 EVO OC D7 8GB 대원씨티에스,705000,705000,705000
104628866,ASUS DUAL 지포스 RTX 5060 EVO OC D7 8GB 인텍앤컴퍼니,820350,820350,820350
122726726,ASUS DUAL 지포스 RTX 5060 EVO OC D7 8GB 코잇,699840,699840,699840
90957326,ASUS DUAL 지포스 RTX 5060 OC D7 8GB 대원씨티에스,756080,756080,756080
91496327,ASUS DUAL 지포스 RTX 5060 OC D7 8GB 인텍앤컴퍼니,845000,845000,845000
88133276,ASUS DUAL 지포스 RTX 5060 TI OC D7 16GB 대원씨티에스,1328140,1328140,1328140
82443086,ASUS DUAL 지포스 RTX 5060 TI OC D7 16GB 인텍앤컴퍼니,1359990,1359990,1359990
88133213,ASUS DUAL 지포스 RTX 5060 TI OC D7 8GB 대원씨티에스,834990,834990,834990
82450160,ASUS DUAL 지포스 RTX 5060 TI OC D7 8GB 인텍앤컴퍼니,778900,778900,778900
122726797,ASUS DUAL 지포스 RTX 5060 Ti OC D7 16GB 코잇,1353990,1353990,1353990
122726759,ASUS DUAL 지포스 RTX 5060 Ti OC D7 8GB 코잇,920980,920980,920980
122726777,ASUS DUAL 지포스 RTX 5060 Ti WHITE OC D7 8GB 코잇,958970,958970,958970
97837304,ASUS DUAL 지포스 RTX 5060 WHITE OC D7 8GB 인텍앤컴퍼니,772000,772000,772000
122726733,ASUS DUAL 지포스 RTX 5060 WHITE OC D7 8GB 코잇,736990,736990,736990
93446051,ASUS DUAL 지포스 RTX 5070 OC D7 12GB 대원씨티에스,1479000,1479000,1479000
92678951,ASUS DUAL 지포스 RTX 5070 OC D7 12GB 인텍앤컴퍼니,1304680,1304680,1362370
122726839,ASUS DUAL 지포스 RTX 5070 OC D7 12GB 코잇,1462990,1462990,1462900
14824025,ASUS PH 지포스 RTX 3060 D6 12GB,680000,680000,680000
91871456,ASUS PRIME 라데온 RX 9060 XT OC D6 16GB 대원씨티에스,809990,809990,809990
122628651,ASUS PRIME 라데온 RX 9060 XT OC D6 16GB 인텍앤컴퍼니,815750,815750,815750
91871420,ASUS PRIME 라데온 RX 9060 XT OC D6 8GB 대원씨티에스,596000,596000,596000
100698251,ASUS PRIME 라데온 RX 9070 EVO OC D6 16GB 대원씨티에스,1079980,1079980,1079980
122692535,ASUS PRIME 라데온 RX 9070 GRE EVO OC D6 12GB 대원씨티에스,972100,972100,972100
77461292,ASUS PRIME 라데온 RX 9070 XT OC D6 16GB 대원씨티에스,1497990,1497990,1497990
85507805,ASUS PRIME 라데온 RX 9070 XT OC D6 16GB 인텍앤컴퍼니,1369000,1369000,1369000
99892346,ASUS PRIME 라데온 RX 9070 XT WHITE OC D6 16GB 대원씨티에스,1478960,1478960,1478960
90957422,ASUS PRIME 지포스 RTX 5060 OC D7 8GB 대원씨티에스,739990,739990,739990
82433444,ASUS PRIME 지포스 RTX 5060 TI D7 8GB 인텍앤컴퍼니,868000,868000,868000
88136921,ASUS PRIME 지포스 RTX 5060 TI OC D7 8GB 대원씨티에스,879000,879000,879000
77461610,ASUS PRIME 지포스 RTX 5070 D7 12GB 인텍앤컴퍼니,1718200,1718200,1718200
77379575,ASUS PRIME 지포스 RTX 5070 OC D7 12GB 대원씨티에스,1462000,1462000,1461980
77461619,ASUS PRIME 지포스 RTX 5070 OC D7 12GB 인텍앤컴퍼니,1381130,1381130,1381130
122726864,ASUS PRIME 지포스 RTX 5070 OC D7 12GB 코잇,1235970,1275840,1275840
76551551,ASUS PRIME 지포스 RTX 5070 Ti D7 16GB 인텍앤컴퍼니,2175000,2175000,2175000
124327554,ASUS PRIME 지포스 RTX 5070 Ti D7 16GB 코잇,,,
76511369,ASUS PRIME 지포스 RTX 5070 Ti OC D7 16GB 대원씨티에스,2124610,2124610,2124610
76551494,ASUS PRIME 지포스 RTX 5070 Ti OC D7 16GB 인텍앤컴퍼니,2517350,2517350,2517350
122726879,ASUS PRIME 지포스 RTX 5070 Ti OC D7 16GB 코잇,1882000,1882000,1882000
93861635,ASUS PRIME 지포스 RTX 5070 WHITE OC D7 12GB 인텍앤컴퍼니,1522480,1522480,1522480
122726871,ASUS PRIME 지포스 RTX 5070 WHITE OC D7 12GB 코잇,1478990,1478990,1478990
76550489,ASUS PRIME 지포스 RTX 5080 D7 16GB 대원씨티에스,3086370,3086370,3086360
79114694,ASUS PRIME 지포스 RTX 5080 D7 16GB 인텍앤컴퍼니,2389000,2389000,2389000
122700116,ASUS PRIME 지포스 RTX 5080 EVO OC D7 16GB 대원씨티에스,2890930,2890930,2890930
122719992,ASUS PRIME 지포스 RTX 5080 EVO OC D7 16GB 인텍앤컴퍼니,2510990,2510990,2510990
124327556,ASUS PRIME 지포스 RTX 5080 EVO OC D7 16GB 코잇,,,
75374981,ASUS PRIME 지포스 RTX 5080 OC D7 16GB 대원씨티에스,2577390,2603690,2603700
75373796,ASUS PRIME 지포스 RTX 5080 OC D7 16GB 인텍앤컴퍼니,2599000,2599000,2599000
124327555,ASUS ProArt 지포스 RTX 5070 Ti OC D7 16GB 코잇,,,
97476629,ASUS ProArt 지포스 RTX 5080 OC D7 16GB 대원씨티에스,3810000,3810000,3810000
103187984,ASUS ProArt 지포스 RTX 5080 OC D7 16GB 인텍앤컴퍼니,3300000,3300000,3300000
124335097,ASUS ProArt 지포스 RTX 5080 OC D7 16GB 코잇,,,
124335169,ASUS ProArt 지포스 RTX 5090 OC D7 32GB 코잇,,,
76463027,ASUS ROG Astral LC 지포스 RTX 5090 OC D7 32GB 대원씨티에스,9521710,9521710,9521710
78714626,ASUS ROG Astral LC 지포스 RTX 5090 OC D7 32GB 인텍앤컴퍼니,9389990,9389990,9389990
75375185,ASUS ROG Astral 지포스 RTX 5080 OC D7 16GB 대원씨티에스,4018000,4018000,4018000
75373694,ASUS ROG Astral 지포스 RTX 5080 OC D7 16GB 인텍앤컴퍼니,3701400,3701400,3701400
96653777,ASUS ROG Astral 지포스 RTX 5090 BTF OC D7 32GB 대원씨티에스,10000000,10000000,10000000
96708728,ASUS ROG Astral 지포스 RTX 5090 BTF OC D7 32GB 인텍앤컴퍼니,9973440,9973440,9973440
75375449,ASUS ROG Astral 지포스 RTX 5090 OC D7 32GB 대원씨티에스,9149970,9149970,9149970
75373898,ASUS ROG Astral 지포스 RTX 5090 OC D7 32GB 인텍앤컴퍼니,9356000,9356000,9356000
92892434,ASUS ROG Astral 지포스 RTX 5090 WHITE OC D7 32GB 대원씨티에스,9449990,9449990,9499990
94570202,ASUS ROG Astral 지포스 RTX 5090 WHITE OC D7 32GB 인텍앤컴퍼니,9705990,9705990,9705990
12821834,ASUS ROG STRIX 지포스 RTX 3060 Ti O8G GAMING OC D6 8GB,2000000,2000000,2000000
12204407,ASUS ROG STRIX 지포스 RTX 3080 O10G GAMING OC D6X 10GB,3839000,3839000,3839000
13173020,ASUS TUF Gaming 라데온 RX 6800 XT O16G OC D6 16GB,976560,976560,976560
91871543,ASUS TUF Gaming 라데온 RX 9060 XT OC D6 16GB 대원씨티에스,849000,849000,849000
12821741,ASUS TUF Gaming 지포스 RTX 3060 Ti O8G OC D6 8GB,2690000,2690000,2690000
89605799,ASUS TUF Gaming 지포스 RTX 5060 TI OC D7 8GB 인텍앤컴퍼니,757900,757900,757900
77461631,ASUS TUF Gaming 지포스 RTX 5070 OC D7 12GB 인텍앤컴퍼니,1629000,1629000,1629000
76551374,ASUS TUF Gaming 지포스 RTX 5070 Ti OC D7 16GB 인텍앤컴퍼니,2369000,2369000,2369000
75375293,ASUS TUF Gaming 지포스 RTX 5080 OC D7 16GB 대원씨티에스,3440070,3440070,3440070
75374105,ASUS TUF Gaming 지포스 RTX 5080 OC D7 16GB 인텍앤컴퍼니,3799000,3799000,3799000
75375560,ASUS TUF Gaming 지포스 RTX 5090 D7 32GB 대원씨티에스,9000000,9000000,9000000
75374060,ASUS TUF Gaming 지포스 RTX 5090 D7 32GB 인텍앤컴퍼니,12089990,12089990,12089990
123651646,ASUS TUF Gaming 지포스 RTX 5090 D7 32GB 코잇,9460000,9460000,
75375632,ASUS TUF Gaming 지포스 RTX 5090 OC D7 32GB 대원씨티에스,9022860,9022860,9022860
75374006,ASUS TUF Gaming 지포스 RTX 5090 OC D7 32GB 인텍앤컴퍼니,9374390,9374390,9698030
13683824,ASUS 지포스 GT1030 SL D5 2GB 무소음,134980,134980,134980
124327418,ASUS 지포스 GT1030 SL D5 2GB 무소음 코잇,,,
59089334,ASUS 지포스 GT710 SL EVO D5 2GB,75000,75000,75000
124327379,ASUS 지포스 GT710 SL EVO D5 2GB 코잇,,,
27896360,ASUS 지포스 GT730 4H SL D5 2GB,154730,154730,154730
124327399,ASUS 지포스 GT730 4H SL D5 2GB 코잇,,,
14740715,ASUS 지포스 GT730 SL D5 2GB,115140,115140,115140
123589439,ASUS 지포스 RTX 5060 Ti OC D7 8GB T1 Edition 대원씨티에스,829000,829000,829000
123588932,ASUS 지포스 RTX 5060 Ti OC D7 8GB T1 Edition 인텍앤컴퍼니,828900,828900,828900
123589443,ASUS 지포스 RTX 5070 OC D7 12GB T1 Edition 대원씨티에스,1338990,1338990,1338990
123588962,ASUS 지포스 RTX 5070 OC D7 12GB T1 Edition 인텍앤컴퍼니,1297990,1297990,1297990
124335230,ASUS 지포스 RTX 5070 OC D7 12GB T1 Edition 코잇,,,
103880240,COLORFUL iGame 지포스 RTX 3050 ULTRA DUO OC V2 White D6 8GB 피씨디렉트,462970,465500,465500
48648092,COLORFUL iGame 지포스 RTX 3050 Ultra DUO OC V2 D6 8GB White,468080,468080,468080
108418784,COLORFUL iGame 지포스 RTX 5050 ULTRA DUO OC White D6 8GB 도우정보,586080,605000,605000
124021627,COLORFUL iGame 지포스 RTX 5060 Ti ULTRA DUO OC D7 16GB 도우정보,1181870,1181870,1220000
123802213,COLORFUL iGame 지포스 RTX 5060 Ti ULTRA DUO OC D7 16GB 피씨디렉트,1094980,1099020,1099020
124327280,COLORFUL iGame 지포스 RTX 5060 Ti ULTRA DUO OC D7 8GB 도우정보,,,
124198321,COLORFUL iGame 지포스 RTX 5060 Ti ULTRA DUO OC D7 8GB 피씨디렉트,810960,810960,815300
124021618,COLORFUL iGame 지포스 RTX 5060 Ti ULTRA DUO OC White D7 16GB 도우정보,1181870,1220000,1220000
88233542,COLORFUL iGame 지포스 RTX 5060 Ti ULTRA DUO OC White D7 16GB 피씨디렉트,1089010,1089010,1089010
106711547,COLORFUL iGame 지포스 RTX 5060 Ti ULTRA DUO OC White D7 8GB 도우정보,844430,844430,855000
89862188,COLORFUL iGame 지포스 RTX 5060 Ti ULTRA DUO OC White D7 8GB 피씨디렉트,781190,781190,781190
122709552,COLORFUL iGame 지포스 RTX 5060 ULTRA DUO OC D7 8GB 도우정보,731260,731260,731260
122724158,COLORFUL iGame 지포스 RTX 5060 ULTRA DUO OC D7 8GB 피씨디렉트,695000,695000,695000
122709575,COLORFUL iGame 지포스 RTX 5060 ULTRA DUO OC White D7 8GB 도우정보,748920,748920,748920
90960104,COLORFUL iGame 지포스 RTX 5060 ULTRA DUO OC White D7 8GB 피씨디렉트,697920,697920,701210
122709701,COLORFUL iGame 지포스 RTX 5060 ULTRA OC D7 8GB 도우정보,750770,750770,775000
124198279,COLORFUL iGame 지포스 RTX 5060 ULTRA OC D7 8GB 피씨디렉트,722900,723000,723000
90955439,COLORFUL iGame 지포스 RTX 5060 ULTRA OC White D7 8GB 피씨디렉트,769030,769030,769030
122709734,COLORFUL iGame 지포스 RTX 5070 Ti ULTRA OC SFF D7 16GB 도우정보,1885110,1930000,1930000
122692149,COLORFUL iGame 지포스 RTX 5070 Ti ULTRA OC SFF D7 16GB 피씨디렉트,1865000,1868000,1868000
123537806,COLORFUL iGame 지포스 RTX 5070 Ti ULTRA OC SFF White D7 16GB 도우정보,1885100,1885110,1930000
122724186,COLORFUL iGame 지포스 RTX 5070 Ti ULTRA OC SFF White D7 16GB 피씨디렉트,1859000,1859000,1860000
106711598,COLORFUL iGame 지포스 RTX 5070 Ti ULTRA OC White D7 16GB 도우정보,1930000,1930000,1930000
76511060,COLORFUL iGame 지포스 RTX 5070 Ti ULTRA OC White D7 16GB 피씨디렉트,1898980,1898980,1898990
122663332,COLORFUL iGame 지포스 RTX 5070 ULTRA OC D7 12GB 도우정보,1347920,1347940,1380000
122636526,COLORFUL iGame 지포스 RTX 5070 ULTRA OC D7 12GB 피씨디렉트,1329000,1329000,1329000
106711625,COLORFUL iGame 지포스 RTX 5070 ULTRA OC White D7 12GB 도우정보,1347940,1347940,1380000
77964722,COLORFUL iGame 지포스 RTX 5070 ULTRA OC White D7 12GB 피씨디렉트,1326990,1326990,1317590
122709745,COLORFUL iGame 지포스 RTX 5080 ULTRA OC D7 16GB 도우정보,2496610,2496610,2496610
124198340,COLORFUL iGame 지포스 RTX 5080 ULTRA OC D7 16GB 피씨디렉트,,,
122692119,COLORFUL iGame 지포스 RTX 5080 ULTRA OC V2 D7 16GB 피씨디렉트,2382000,2382000,2382000
106712012,COLORFUL iGame 지포스 RTX 5080 ULTRA OC White D7 16GB 도우정보,2659990,2659990,2659990
75536255,COLORFUL iGame 지포스 RTX 5080 ULTRA OC White D7 16GB 피씨디렉트,2380790,2380790,2378990
122663758,COLORFUL iGame 지포스 RTX 5080 VULCAN OC D7 16GB 도우정보,2750000,2750000,2750000
76508576,COLORFUL iGame 지포스 RTX 5080 Vulcan OC D7 16GB 피씨디렉트,3440000,3440000,3440000
122663438,COLORFUL 지포스 RTX 3050 BATTLE AX DUO V2 D6 8GB 도우정보,420000,420000,420000
106712042,COLORFUL 지포스 RTX 3050 GAMING DUO V4 D6 6GB 도우정보,405000,405000,400460
102004850,COLORFUL 지포스 RTX 3050 GAMING DUO V4 D6 6GB 피씨디렉트,368030,368030,369000
78102494,COLORFUL 지포스 RTX 3050 토마호크 DUO V2 D6 8GB 피씨디렉트,404440,405000,405000
123537832,COLORFUL 지포스 RTX 3060 BATTLE AX DUO V2 D6 12GB 도우정보,557020,575000,575000
122724144,COLORFUL 지포스 RTX 3060 Battle AX DUO V2 D6 12GB 피씨디렉트,516000,516000,516000
93502205,COLORFUL 지포스 RTX 5050 Battle AX DUO D6 8GB 피씨디렉트,541790,541790,541790
108418823,COLORFUL 지포스 RTX 5050 GAMING DUO D6 8GB 도우정보,571550,571550,590000
104966591,COLORFUL 지포스 RTX 5050 GAMING DUO D6 8GB 피씨디렉트,557000,557000,561000
106712144,COLORFUL 지포스 RTX 5060 GAMING DUO D7 8GB 도우정보,714630,714630,729990
100325213,COLORFUL 지포스 RTX 5060 GAMING DUO D7 8GB 피씨디렉트,667720,667720,667720
106712198,COLORFUL 지포스 RTX 5060 Ti BATTLE AX DUO D7 16GB 도우정보,1083600,1083600,1083600
108418766,COLORFUL 지포스 RTX 5060 Ti GAMING DUO D7 16GB 도우정보,1125370,1125370,1125370
101725832,COLORFUL 지포스 RTX 5060 Ti GAMING DUO D7 16GB 피씨디렉트,1042920,1042920,1044000
106736336,COLORFUL 지포스 RTX 5060 Ti GAMING DUO D7 8GB 도우정보,800000,800000,800000
101725700,COLORFUL 지포스 RTX 5060 Ti GAMING DUO D7 8GB 피씨디렉트,739340,739340,739340
124327346,COLORFUL 지포스 RTX 5060 Ti GAMING DUO V2 D7 16GB 도우정보,,,
123802191,COLORFUL 지포스 RTX 5060 Ti GAMING DUO V2 D7 16GB 피씨디렉트,1069000,1069000,1069000
124327363,COLORFUL 지포스 RTX 5060 Ti GAMING DUO V2 D7 8GB 도우정보,,,
124198302,COLORFUL 지포스 RTX 5060 Ti GAMING DUO V2 D7 8GB 피씨디렉트,792990,793000,792990
89862281,COLORFUL 지포스 RTX 5060 Ti 토마호크 DUO D7 8GB 피씨디렉트,764000,764000,764000
106712105,COLORFUL 지포스 RTX 5070 GAMING D7 12GB 도우정보,1359980,1359980,1360000
101725835,COLORFUL 지포스 RTX 5070 GAMING D7 12GB 피씨디렉트,1268910,1268940,1270000
106712255,COLORFUL 지포스 RTX 5070 Ti BATTLE AX D7 16GB 도우정보,1906980,1906980,1906980
123860433,COLORFUL 지포스 RTX 5070 Ti BATTLE AX SFF D7 16GB 도우정보,1850300,1850300,1910000
123802262,COLORFUL 지포스 RTX 5070 Ti BATTLE AX SFF D7 16GB 피씨디렉트,1817920,1817920,1819000
77379113,COLORFUL 지포스 RTX 5070 Ti 토마호크 EX D7 16GB 피씨디렉트,1858990,1858990,1858990
122654946,DRAGON FORCE 지포스 GTX1660 SUPER D6 6GB NV,290730,290730,290730
122637278,DRAGON FORCE 지포스 RTX 3050 D6 6GB,359000,359000,359000
5406903,EVGA 파워링크 (해외구매),36160,36160,37730
54101783,EXP GDC TH3P4G3 SFX (해외구매),68610,68610,68610
122628272,FORSA 라데온 RX6600 PRISM,459840,459840,459840
123621121,FORSA 라데온 RX6600M D6 8GB,359950,359950,359950
124012767,FORSA 라데온 RX7600S NOVA,438320,438320,438320
1878552,FORSA 지포스 G210 D3 512MB,28130,28130,28130
123802291,FORSA 지포스 GT 1030DP EDITION,124980,124980,124980
6725461,FORSA 지포스 GT1030 D5 2GB,109800,140150,140150
20687381,FORSA 지포스 GT710 D3 2GB LP,60200,60200,60200
95200559,FORSA 지포스 GT730 D3 2GB WIN,63900,63900,65960
12373847,FORSA 지포스 GTX 1650 D6 4GB,245060,245060,245060
10936446,FORSA 지포스 GTX 1660 SUPER K D6 6GB,306840,306840,306840
13169082,FORSA 지포스 GTX 1660 SUPER X D6 6GB,290290,290290,290290
124276758,FORSA 지포스 GTX GTX1660Ti NOBLE 6GB,316640,316640,316640
5385778,FORSA 지포스 GTX1050 Ti D5 4GB DUAL,169000,169000,169000
124115395,FORSA 지포스 GTX1050 Ti SF D5 4GB,204380,204380,204380
104966396,FORSA 지포스 RTX 3050 6GB White Cube,347000,347000,347000
39030653,FORSA 지포스 RTX 3050 D6 6GB ONE COOL,381910,381910,381910
123537793,FORSA 지포스 RTX 3050 SOLO 6GD6,312000,312000,312000
52159256,FuriosaAI 퓨리오사 워보이 D4X 16GB,3748860,3748860,3748860
16301504,GAINWARD 지포스 RTX 3050 고스트 D6 8GB,547130,547130,547130
44217686,GAINWARD 지포스 RTX 3050 페가수스 D6 6GB,356000,356000,357370
14824829,GAINWARD 지포스 RTX 3060 고스트 D6 12GB LHR,1102050,1102050,1102050
94445579,GAINWARD 지포스 RTX 5050 고스트 D6 8GB,581400,581400,581400
81716594,GAINWARD 지포스 RTX 5060 Ti 고스트 D7 8GB,778930,778930,778930
90892928,GAINWARD 지포스 RTX 5060 고스트 D7 8GB,713990,713990,705500
94445978,GAINWARD 지포스 RTX 5070 Ti 피닉스-S D7 16GB,1852880,1852880,1852880
106780118,GAINWARD 지포스 RTX 5070 Ti 피닉스-S GS OC D7 16GB,1846040,1846040,1846040
78982154,GAINWARD 지포스 RTX 5070 파이썬 III D7 12GB,1332550,1332550,1332550
105968504,GAINWARD 지포스 RTX 5070 파이썬 III OC D7 12GB,1329000,1329000,1329000
75601394,GAINWARD 지포스 RTX 5080 피닉스 D7 16GB,2279000,2279000,2279000
124167321,GIGABYTE AORUS 지포스 RTX 5060 ARI D7 8GB 제이씨현,724810,724810,724810
124153612,GIGABYTE AORUS 지포스 RTX 5060 ARI D7 8GB 피씨디렉트,733230,733230,733230
90889598,GIGABYTE AORUS 지포스 RTX 5060 ELITE D7 8GB 피씨디렉트,3034950,3034950,3034950
124197959,GIGABYTE AORUS 지포스 RTX 5060 Ti AI BOX D7 16GB 제이씨현,1467990,1467990,1467880
123981228,GIGABYTE AORUS 지포스 RTX 5060 Ti AI BOX D7 16GB 피씨디렉트,1499000,1499000,1499000
123981266,GIGABYTE AORUS 지포스 RTX 5070 INFINITY D7 12GB 제이씨현,1507140,1507140,1507140
123802150,GIGABYTE AORUS 지포스 RTX 5070 INFINITY D7 12GB 피씨디렉트,1508310,1508310,1508310
77319458,GIGABYTE AORUS 지포스 RTX 5070 MASTER D7 12GB 제이씨현,1196010,1196010,1400900
77312321,GIGABYTE AORUS 지포스 RTX 5070 MASTER D7 12GB 피씨디렉트,1439990,1439990,1439990
123743494,GIGABYTE AORUS 지포스 RTX 5070 Ti INFINITY D7 16GB 제이씨현,2108260,2108260,2108260
122829828,GIGABYTE AORUS 지포스 RTX 5070 Ti INFINITY D7 16GB 피씨디렉트,2124300,2124300,2124300
76551029,GIGABYTE AORUS 지포스 RTX 5070 Ti MASTER D7 16GB 제이씨현,4800000,4800000,4800000
123590291,GIGABYTE AORUS 지포스 RTX 5080 INFINITY D7 16GB 제이씨현,2870820,2870820,2870820
122726535,GIGABYTE AORUS 지포스 RTX 5080 INFINITY D7 16GB 피씨디렉트,2861870,2861870,2861870
123590266,GIGABYTE AORUS 지포스 RTX 5080 INFINITY WOOD D7 16GB 제이씨현,2901160,2901160,2901160
122726547,GIGABYTE AORUS 지포스 RTX 5080 INFINITY WOOD D7 16GB 피씨디렉트,2923200,2923200,2923200
75184259,GIGABYTE AORUS 지포스 RTX 5080 MASTER D7 16GB 제이씨현,2660180,2660180,2660180
75074210,GIGABYTE AORUS 지포스 RTX 5080 MASTER D7 16GB 피씨디렉트,2731900,2731900,2731860
75184262,GIGABYTE AORUS 지포스 RTX 5080 MASTER ICE D7 16GB 제이씨현,3300000,3300000,3300000
75074258,GIGABYTE AORUS 지포스 RTX 5080 MASTER ICE D7 16GB 피씨디렉트,2907010,2907010,2907010
75074405,GIGABYTE AORUS 지포스 RTX 5080 XTREME 워터포스 D7 16GB 피씨디렉트,3228290,3228290,3228290
99128606,GIGABYTE AORUS 지포스 RTX 5090 AI BOX D7 32GB 제이씨현,8811000,8811000,8811000
98412476,GIGABYTE AORUS 지포스 RTX 5090 AI BOX D7 32GB 피씨디렉트,9206070,9206070,9206070
122709213,GIGABYTE AORUS 지포스 RTX 5090 INFINITY D7 32GB 제이씨현,9700000,9700000,9700000
122717694,GIGABYTE AORUS 지포스 RTX 5090 INFINITY D7 32GB 피씨디렉트,9700000,9700000,9700000
75184274,GIGABYTE AORUS 지포스 RTX 5090 MASTER D7 32GB 제이씨현,8934300,8934300,8934300
75184226,GIGABYTE AORUS 지포스 RTX 5090 MASTER D7 32GB 피씨디렉트,8990000,8990000,8990000
75184277,GIGABYTE AORUS 지포스 RTX 5090 MASTER ICE D7 32GB 제이씨현,8865050,8989990,8990000
75184229,GIGABYTE AORUS 지포스 RTX 5090 MASTER ICE D7 32GB 피씨디렉트,8990000,8990000,8990000
93382736,GIGABYTE AORUS 지포스 RTX 5090 STEALTH ICE D7 32GB 제이씨현,9449990,9449990,9025000
92966027,GIGABYTE AORUS 지포스 RTX 5090 STEALTH ICE D7 32GB 피씨디렉트,9487000,9487000,9381000
75536696,GIGABYTE AORUS 지포스 RTX 5090 XTREME 워터포스 D7 32GB 제이씨현,,,7920500
99736931,GIGABYTE 라데온 AI PRO R9700 AI TOP D6 32GB 제이씨현,2910000,2910000,2910000
99714743,GIGABYTE 라데온 AI PRO R9700 AI TOP D6 32GB 피씨디렉트,2936260,2936260,2936260
20350115,GIGABYTE 라데온 RX 7600 GAMING OC D6 8GB 제이씨현,464230,464230,464230
91908533,GIGABYTE 라데온 RX 9060 XT Gaming D6 8GB 피씨디렉트,1606320,1606320,1606320
91908590,GIGABYTE 라데온 RX 9060 XT Gaming OC D6 16GB 피씨디렉트,848990,848990,848990
91908554,GIGABYTE 라데온 RX 9060 XT Gaming OC D6 8GB 피씨디렉트,649000,649000,713690
99128558,GIGABYTE 라데온 RX 9060 XT Gaming OC ICE D6 16GB 제이씨현,848990,848990,848990
99288071,GIGABYTE 라데온 RX 9060 XT Gaming OC ICE D6 16GB 피씨디렉트,867000,867000,867000
77382860,GIGABYTE 라데온 RX 9070 GAMING OC D6 16GB 피씨디렉트,1065870,1082780,1096000
122705726,GIGABYTE 라데온 RX 9070 GRE GAMING OC D6 12GB 피씨디렉트,975940,975940,979010
122707736,GIGABYTE 라데온 RX 9070 GRE Gaming OC D6 12GB 제이씨현,952580,952580,958630
77382896,GIGABYTE 라데온 RX 9070 XT GAMING OC D6 16GB 제이씨현,1369000,1369000,1369000
77382845,GIGABYTE 라데온 RX 9070 XT GAMING OC D6 16GB 피씨디렉트,1385800,1385800,1385800
99128543,GIGABYTE 라데온 RX 9070 XT GAMING OC ICE D6 16GB 제이씨현,1447250,1447250,1447250
99288146,GIGABYTE 라데온 RX 9070 XT GAMING OC ICE D6 16GB 피씨디렉트,1447950,1447950,1457200
46003325,GIGABYTE 지포스 RTX 3050 WINDFORCE OC D6 6GB 피씨디렉트,369600,369600,369600
71901731,GIGABYTE 지포스 RTX 3050 WINDFORCE OC V2 D6 6GB 제이씨현,358990,358990,358990
71973218,GIGABYTE 지포스 RTX 3050 WINDFORCE OC V2 D6 6GB 피씨디렉트,365770,365920,368830
72676730,GIGABYTE 지포스 RTX 3060 GAMING OC V2 D6 8GB 피씨디렉트,480900,480900,480900
17658824,GIGABYTE 지포스 RTX 3060 WINDFORCE OC D6 12GB 제이씨현,556450,556450,556450
17658794,GIGABYTE 지포스 RTX 3060 WINDFORCE OC D6 12GB 피씨디렉트,521960,521960,521960
20730644,GIGABYTE 지포스 RTX 4060 Ti WINDFORCE OC D6 8GB 제이씨현,2697030,2697030,2697030
20611055,GIGABYTE 지포스 RTX 4060 Ti WINDFORCE OC D6 8GB 피씨디렉트,2697030,2697030,2697030
32493785,GIGABYTE 지포스 RTX 4070 SUPER GAMING OC D6X 12GB 제이씨현,5244250,5244250,5244250
32494484,GIGABYTE 지포스 RTX 4070 SUPER GAMING OC D6X 12GB 피씨디렉트,5407620,5407620,5407620
93698783,GIGABYTE 지포스 RTX 5050 GAMING OC D6 8GB 제이씨현,643000,643000,643000
93386549,GIGABYTE 지포스 RTX 5050 GAMING OC D6 8GB 피씨디렉트,630070,630080,630530
93386588,GIGABYTE 지포스 RTX 5050 UD2 OC D6 8GB Nano LP 피씨디렉트,614450,615480,615480
93698855,GIGABYTE 지포스 RTX 5050 WINDFORCE OC D6 8GB 제이씨현,554710,554710,554710
93386564,GIGABYTE 지포스 RTX 5050 WINDFORCE OC D6 8GB 피씨디렉트,560740,560740,560740
90892943,GIGABYTE 지포스 RTX 5060 AERO OC D7 8GB 제이씨현,730000,730000,730000
90889754,GIGABYTE 지포스 RTX 5060 AERO OC D7 8GB 피씨디렉트,730000,730000,730000
94569131,GIGABYTE 지포스 RTX 5060 EAGLE MAX OC D7 8GB 제이씨현,718980,718980,718980
97364696,GIGABYTE 지포스 RTX 5060 EAGLE MAX OC D7 8GB 피씨디렉트,697980,697980,697980
90892949,GIGABYTE 지포스 RTX 5060 EAGLE OC D7 8GB 제이씨현,707660,707660,707660
90889817,GIGABYTE 지포스 RTX 5060 EAGLE OC D7 8GB 피씨디렉트,689510,689510,689510
90892955,GIGABYTE 지포스 RTX 5060 EAGLE OC ICE D7 8GB 제이씨현,707660,707660,707660
90889790,GIGABYTE 지포스 RTX 5060 EAGLE OC ICE D7 8GB 피씨디렉트,690480,690480,690480
90892958,GIGABYTE 지포스 RTX 5060 GAMING OC D7 8GB 제이씨현,710000,710000,710000
90889682,GIGABYTE 지포스 RTX 5060 GAMING OC D7 8GB 피씨디렉트,713480,713480,713480
123743015,GIGABYTE 지포스 RTX 5060 GAMING OC V2 D7 8GB 제이씨현,734600,734600,734600
122678887,GIGABYTE 지포스 RTX 5060 GAMING OC V2 D7 8GB 피씨디렉트,714630,714630,714630
81715862,GIGABYTE 지포스 RTX 5060 Ti AERO OC D7 16GB 피씨디렉트,1069500,1069500,1069500
88132187,GIGABYTE 지포스 RTX 5060 Ti AERO OC D7 8GB 제이씨현,823780,823780,823780
81716078,GIGABYTE 지포스 RTX 5060 Ti AERO OC D7 8GB 피씨디렉트,827480,827480,827480
124327372,GIGABYTE 지포스 RTX 5060 Ti EAGLE MAX OC D7 16GB 제이씨현,1291580,1291580,1308890
99748187,GIGABYTE 지포스 RTX 5060 Ti EAGLE MAX OC D7 16GB 피씨디렉트,1138700,1138700,1138700
103481879,GIGABYTE 지포스 RTX 5060 Ti EAGLE MAX OC D7 8GB 제이씨현,849000,849000,849000
94691930,GIGABYTE 지포스 RTX 5060 Ti EAGLE MAX OC D7 8GB 피씨디렉트,806040,806040,806040
88132232,GIGABYTE 지포스 RTX 5060 Ti EAGLE OC D7 8GB 제이씨현,768020,768020,768020
81716102,GIGABYTE 지포스 RTX 5060 Ti EAGLE OC D7 8GB 피씨디렉트,775000,775000,775000
81716123,GIGABYTE 지포스 RTX 5060 Ti EAGLE OC ICE D7 8GB 피씨디렉트,802100,802100,802100
88132295,GIGABYTE 지포스 RTX 5060 Ti GAMING OC D7 8GB 제이씨현,823780,823780,823780
81716057,GIGABYTE 지포스 RTX 5060 Ti GAMING OC D7 8GB 피씨디렉트,826550,826550,826550
81716264,GIGABYTE 지포스 RTX 5060 Ti WINDFORCE D7 8GB 피씨디렉트,826650,826650,826650
93704792,GIGABYTE 지포스 RTX 5060 Ti WINDFORCE MAX OC D7 16GB 피씨디렉트,834000,834000,834000
94028864,GIGABYTE 지포스 RTX 5060 Ti WINDFORCE MAX OC D7 8GB 제이씨현,768820,768820,768820
93704759,GIGABYTE 지포스 RTX 5060 Ti WINDFORCE MAX OC D7 8GB 피씨디렉트,761370,761370,761370
81715985,GIGABYTE 지포스 RTX 5060 Ti WINDFORCE OC D7 16GB 피씨디렉트,963910,963910,963910
88132310,GIGABYTE 지포스 RTX 5060 Ti WINDFORCE OC D7 8GB 제이씨현,771640,771640,771610
81716255,GIGABYTE 지포스 RTX 5060 Ti WINDFORCE OC D7 8GB 피씨디렉트,771640,771640,771640
90892964,GIGABYTE 지포스 RTX 5060 UD2 OC D7 8GB Nano LP 제이씨현,749000,749000,748990
90889937,GIGABYTE 지포스 RTX 5060 UD2 OC D7 8GB Nano LP 피씨디렉트,678990,690550,690550
90892967,GIGABYTE 지포스 RTX 5060 WINDFORCE D7 8GB 제이씨현,760020,760020,760020
94028963,GIGABYTE 지포스 RTX 5060 WINDFORCE MAX OC D7 8GB 제이씨현,696840,696840,696840
93704816,GIGABYTE 지포스 RTX 5060 WINDFORCE MAX OC D7 8GB 피씨디렉트,685680,685680,685680
122726650,GIGABYTE 지포스 RTX 5060 WINDFORCE MAX OC V2 D7 8GB 제이씨현,705080,705080,667250
123805994,GIGABYTE 지포스 RTX 5060 WINDFORCE MAX OC V2 D7 8GB 피씨디렉트,679000,679000,679000
90892970,GIGABYTE 지포스 RTX 5060 WINDFORCE OC D7 8GB 제이씨현,702840,702840,702840
90889865,GIGABYTE 지포스 RTX 5060 WINDFORCE OC D7 8GB 피씨디렉트,650000,650000,
77319503,GIGABYTE 지포스 RTX 5070 AERO OC D7 12GB 제이씨현,1390440,1390440,1390440
77312378,GIGABYTE 지포스 RTX 5070 AERO OC D7 12GB 피씨디렉트,1370700,1370700,1370700
77319527,GIGABYTE 지포스 RTX 5070 EAGLE OC ICE SFF D7 12GB 제이씨현,1333870,1333870,1333870
77312543,GIGABYTE 지포스 RTX 5070 EAGLE OC ICE SFF D7 12GB 피씨디렉트,1355700,1355700,1355700
77319536,GIGABYTE 지포스 RTX 5070 EAGLE OC SFF D7 12GB 제이씨현,1341640,1341640,1341640
77312573,GIGABYTE 지포스 RTX 5070 EAGLE OC SFF D7 12GB 피씨디렉트,1324990,1324990,1324990
77319515,GIGABYTE 지포스 RTX 5070 GAMING OC D7 12GB 제이씨현,1382400,1382400,1382400
77313077,GIGABYTE 지포스 RTX 5070 GAMING OC D7 12GB 피씨디렉트,1376480,1376480,1376480
76551020,GIGABYTE 지포스 RTX 5070 Ti AERO OC D7 16GB 제이씨현,2023000,2023000,2022990
76510388,GIGABYTE 지포스 RTX 5070 Ti AERO OC D7 16GB 피씨디렉트,1962940,1962940,1962940
76551050,GIGABYTE 지포스 RTX 5070 Ti EAGLE OC ICE SFF D7 16GB 제이씨현,1914030,1914030,1914030
76510547,GIGABYTE 지포스 RTX 5070 Ti EAGLE OC ICE SFF D7 16GB 피씨디렉트,1923480,1923480,1923480
76551041,GIGABYTE 지포스 RTX 5070 Ti EAGLE OC SFF D7 16GB 제이씨현,1914030,1914030,1914030
76510583,GIGABYTE 지포스 RTX 5070 Ti EAGLE OC SFF D7 16GB 피씨디렉트,1922480,1922480,1922480
76551056,GIGABYTE 지포스 RTX 5070 Ti GAMING OC D7 16GB 제이씨현,1943700,1943700,1943700
76510673,GIGABYTE 지포스 RTX 5070 Ti GAMING OC D7 16GB 피씨디렉트,1959990,1959990,1959990
76551065,GIGABYTE 지포스 RTX 5070 Ti WINDFORCE OC SFF D7 16GB 제이씨현,1895490,1895490,1895490
76510754,GIGABYTE 지포스 RTX 5070 Ti WINDFORCE OC SFF D7 16GB 피씨디렉트,1878940,1878940,1878940
106767521,GIGABYTE 지포스 RTX 5070 Ti WINDFORCE OC V2 D7 16GB 피씨디렉트,1756770,1756770,2399000
77319545,GIGABYTE 지포스 RTX 5070 WINDFORCE OC SFF D7 12GB 제이씨현,1322070,1322070,1322070
77312477,GIGABYTE 지포스 RTX 5070 WINDFORCE OC SFF D7 12GB 피씨디렉트,1314480,1314480,1314480
75184265,GIGABYTE 지포스 RTX 5080 AERO OC SFF D7 16GB 제이씨현,2513970,2513970,2513970
75074516,GIGABYTE 지포스 RTX 5080 AERO OC SFF D7 16GB 피씨디렉트,2524000,2524000,2524000
75184268,GIGABYTE 지포스 RTX 5080 GAMING OC D7 16GB 제이씨현,2468210,2468210,2468210
75074666,GIGABYTE 지포스 RTX 5080 GAMING OC D7 16GB 피씨디렉트,2444890,2444890,2469310
75184271,GIGABYTE 지포스 RTX 5080 WINDFORCE OC SFF D7 16GB 제이씨현,2459130,2459130,2459130
75074732,GIGABYTE 지포스 RTX 5080 WINDFORCE OC SFF D7 16GB 피씨디렉트,2440290,2440290,2440290
123981276,GIGABYTE 지포스 RTX 5080 WINDFORCE OC V2 SFF D7 16GB 제이씨현,2498020,2498020,2498020
123981255,GIGABYTE 지포스 RTX 5080 WINDFORCE OC V2 SFF D7 16GB 피씨디렉트,2442730,2442730,2442710
75184280,GIGABYTE 지포스 RTX 5090 GAMING OC D7 32GB 제이씨현,8834990,8834990,9034960
75184238,GIGABYTE 지포스 RTX 5090 GAMING OC D7 32GB 피씨디렉트,9289990,9289990,9289990
75184283,GIGABYTE 지포스 RTX 5090 WINDFORCE OC D7 32GB 제이씨현,8985900,8985900,8985900
75184241,GIGABYTE 지포스 RTX 5090 WINDFORCE OC D7 32GB 피씨디렉트,9600000,9600000,9600000
61440464,GPD G1 라데온 RX 7600M XT D6 8GB (해외구매),1249140,1249140,1249140
16947065,INNO3D 지포스 GT710 D3 1GB (중고),20990,20990,20990
122714795,INNO3D 지포스 RTX 3050 D6 6GB TWIN X2 V2,376020,376020,376000
94261262,INNO3D 지포스 RTX 5050 D6 8GB TWIN X2,565430,565430,565430
124288681,INNO3D 지포스 RTX 5060 D7 8GB TWIN X2 V2,677080,677080,677080
90961244,INNO3D 지포스 RTX 5060 OC D7 8GB TWIN X2,750690,750690,750690
90961373,INNO3D 지포스 RTX 5060 OC D7 8GB TWIN X2 WHITE,716490,716490,716490
100270736,INNO3D 지포스 RTX 5060 OC V2 D7 8GB TWIN X2,688900,688900,688900
86592089,INNO3D 지포스 RTX 5060 Ti OC D7 16GB TWIN X2,1069570,1069570,1069570
86449373,INNO3D 지포스 RTX 5060 Ti OC D7 16GB TWIN X2 WHITE,1239000,1239000,1239000
86649593,INNO3D 지포스 RTX 5060 Ti OC D7 8GB TWIN X2,753230,753230,753210
86478782,INNO3D 지포스 RTX 5060 Ti OC D7 8GB TWIN X2 WHITE,762040,762040,762040
86560166,INNO3D 지포스 RTX 5060 Ti OC D7 8GB X3,856790,856800,856790
77465798,INNO3D 지포스 RTX 5070 OC D7 12GB TWIN X2,1303390,1303390,1296730
77465819,INNO3D 지포스 RTX 5070 OC D7 12GB TWIN X2 WHITE,1332990,1332990,1332990
77465882,INNO3D 지포스 RTX 5070 OC D7 12GB X3,1373980,1373980,1373980
76466054,INNO3D 지포스 RTX 5070 Ti OC D7 16GB X3,1929000,1929000,1929000
75600731,INNO3D 지포스 RTX 5080 D7 16GB X3,2415880,2415880,2415880
75600824,INNO3D 지포스 RTX 5080 OC D7 16GB X3,2455190,2455190,2455190
76466114,INNO3D 지포스 RTX 5080 OC D7 16GB X3 WHITE,2387870,2387870,2387870
15757727,MANLI 지포스 RTX 3070 Ti Rush D6X 8GB LHR,1626650,1626650,1626650
68775956,MANLI 지포스 RTX 4060 Ti Polar Fox D6 8GB TWIN FAN White 대원씨티에스,731400,731400,731400
42940724,MANLI 지포스 RTX 4060 Ti Rush D6 8GB 대원씨티에스,703810,703810,703760
93382082,MANLI 지포스 RTX 5050 Nebula D6 8GB 대원씨티에스,557070,557070,557070
93382217,MANLI 지포스 RTX 5050 Polar Fox OC D6 8GB 대원씨티에스,600000,600000,600000
124115846,MANLI 지포스 RTX 5060 Nebula D7 8GB V2 인텍앤컴퍼니,792130,792130,792130
90956816,MANLI 지포스 RTX 5060 Nebula D7 8GB 대원씨티에스,697490,697490,697490
90644501,MANLI 지포스 RTX 5060 Nebula D7 8GB 인텍앤컴퍼니,668990,668990,668990
90956867,MANLI 지포스 RTX 5060 Polar Fox D7 OC 8GB 대원씨티에스,669890,669990,669990
90644597,MANLI 지포스 RTX 5060 Polar Fox D7 OC 8GB 인텍앤컴퍼니,671870,671870,671870
82717634,MANLI 지포스 RTX 5060 TI Polar Fox OC D7 8GB 인텍앤컴퍼니,927740,927740,927740
82697921,MANLI 지포스 RTX 5060 Ti Nebula D7 8GB 인텍앤컴퍼니,760990,760990,760990
101956631,MANLI 지포스 RTX 5060 Ti Nebula V2 D7 8GB 대원씨티에스,905990,905990,905990
104614712,MANLI 지포스 RTX 5060 Ti Nebula V2 D7 8GB 인텍앤컴퍼니,906540,906540,906540
81750227,MANLI 지포스 RTX 5060 Ti Polar Fox OC D7 16GB 인텍앤컴퍼니,1368000,1368000,1368000
81034403,MANLI 지포스 RTX 5060 Ti Polar Fox OC D7 8GB 대원씨티에스,838990,838990,838990
81036440,MANLI 지포스 RTX 5060 Ti Stellar OC D7 8GB 대원씨티에스,828800,828800,828800
82733867,MANLI 지포스 RTX 5060 Ti Stellar OC D7 8GB 인텍앤컴퍼니,877400,877400,877400
98227514,MANLI 지포스 RTX 5070 Nebula D7 12GB Dual Fan 대원씨티에스,1327550,1327550,1327550
77379233,MANLI 지포스 RTX 5070 Nebula D7 12GB 대원씨티에스,1290000,1290000,1290000
77380469,MANLI 지포스 RTX 5070 Nebula D7 12GB 인텍앤컴퍼니,1400990,1400990,1400990
77379299,MANLI 지포스 RTX 5070 Polar Fox OC D7 12GB 대원씨티에스,1430100,1430100,1430100
95423255,MANLI 지포스 RTX 5070 Polar Fox OC V2 D7 12GB 대원씨티에스,1501920,1501920,1501920
90644048,MANLI 지포스 RTX 5070 Polar Fox OC V2 D7 12GB 인텍앤컴퍼니,1347650,1347650,1347650
77380787,MANLI 지포스 RTX 5070 Stellar OC D7 12GB 인텍앤컴퍼니,1469000,1469000,1469000
76875302,MANLI 지포스 RTX 5070 Ti Gallardo OC D7 16GB 인텍앤컴퍼니,1921080,1921080,1921080
77015564,MANLI 지포스 RTX 5070 Ti Nebula D7 16GB 대원씨티에스,1839000,1839000,1839000
76875332,MANLI 지포스 RTX 5070 Ti Nebula D7 16GB 인텍앤컴퍼니,1958000,1958000,1958000
77704514,MANLI 지포스 RTX 5070 Ti Polar Fox OC D7 16GB 대원씨티에스,1929990,1929990,1929990
77086589,MANLI 지포스 RTX 5070 Ti Polar Fox OC D7 16GB 인텍앤컴퍼니,2015470,2015470,2015470
94201541,MANLI 지포스 RTX 5080 Gallardo OC D7 16GB White 인텍앤컴퍼니,2726000,2726000,2726000
75375797,MANLI 지포스 RTX 5080 Nebula D7 16GB 대원씨티에스,2316980,2316980,2316980
75931418,MANLI 지포스 RTX 5080 Nebula D7 16GB 인텍앤컴퍼니,2332480,2332480,2332480
75536942,MANLI 지포스 RTX 5080 Polar Fox OC D7 16GB 인텍앤컴퍼니,2448000,2448000,2448000
100273427,MANLI 지포스 RTX 5080 Polar Fox OC V2 D7 16GB 대원씨티에스,2448000,2448000,2448000
122699495,MANLI 지포스 RTX 5080 Polar Fox OC V2 D7 16GB 인텍앤컴퍼니,2363740,2363740,2436550
75376205,MANLI 지포스 RTX 5080 Stellar OC D7 16GB 대원씨티에스,4424850,4424850,4424850
95422910,MANLI 지포스 RTX 5090 Gallardo OC D7 32GB White 대원씨티에스,8990000,8990000,8990000
93385409,MANLI 지포스 RTX 5090 Gallardo OC D7 32GB White 인텍앤컴퍼니,8835000,8835000,8835000
75376346,MANLI 지포스 RTX 5090 Gallardo OC D7 32GB 대원씨티에스,,,9125610
75376397,MANLI 지포스 RTX 5090 Stellar OC D7 32GB 대원씨티에스,12090000,13000000,13000000
76331279,MANLI 지포스 RTX 5090 Stellar OC D7 32GB 인텍앤컴퍼니,12089990,12089990,12089990
91912736,MAXSUN 지포스 RTX 3050 트랜스포머 D6 6GB 디앤디컴,370460,370460,370460
6038686,MSI 지포스 GT1030 에어로 ITX OC D4 2GB,129000,129000,129000
18776426,MSI 지포스 GT710 D3 1GB LP 무소음 V2,67990,67990,67990
3734562,MSI 지포스 GT710 D3 2GB LP 무소음,67920,67920,67990
71010053,MSI 지포스 RTX 3050 벤투스 2X E OC D6 6GB,371000,377370,377370
98231099,MSI 지포스 RTX 3050 벤투스 2X OC D6 6GB (중고),292000,292000,292000
27944384,MSI 지포스 RTX 3050 벤투스 2X XS OC D6 8GB,406000,406000,408550
18373469,MSI 지포스 RTX 3060 Ti 게이밍 X 트리오 D6X 8GB 트라이프로져2,1087600,1087600,1087600
13512254,MSI 지포스 RTX 3060 벤투스 2X OC D6 12GB,522500,538420,536440
15178970,MSI 지포스 RTX 3060 벤투스 2X OC D6 12GB (해외구매),840680,840680,840680
18279782,MSI 지포스 RTX 3060 벤투스 2X OC D6 8GB,461970,461970,461970
14352602,MSI 지포스 RTX 3070 게이밍 X 트리오 D6 8GB 트라이프로져2 (해외구매),990640,990640,990640
20740013,MSI 지포스 RTX 4060 벤투스 2X 블랙 OC D6 8GB,2697030,2697030,2697030
32861312,MSI 지포스 RTX 4070 SUPER 게이밍 X 슬림 D6X 12GB 트라이프로져3,2615560,2615560,2697030
94203833,MSI 지포스 RTX 5050 벤투스 2X OC D6 8GB,571990,571990,571990
94203794,MSI 지포스 RTX 5050 쉐도우 2X OC D6 8GB,735940,735940,735940
82047602,MSI 지포스 RTX 5060 Ti 게이밍 OC D7 16GB 트윈프로져,1198980,1198980,1198980
86803685,MSI 지포스 RTX 5060 Ti 게이밍 OC D7 8GB 트윈프로져,2459410,2459410,2459410
81990338,MSI 지포스 RTX 5060 Ti 벤투스 2X OC 플러스 D7 16GB,1124800,1124810,1124810
86814989,MSI 지포스 RTX 5060 Ti 벤투스 2X OC 플러스 D7 8GB,755000,758160,749900
96259577,MSI 지포스 RTX 5060 Ti 쉐도우 2X OC 플러스 D7 16GB,1144000,1144000,1144000
96369605,MSI 지포스 RTX 5060 Ti 쉐도우 2X OC 플러스 D7 8GB,779000,779000,774200
90956117,MSI 지포스 RTX 5060 게이밍 OC D7 8GB 트윈프로져,2246180,2246180,2246180
90956033,MSI 지포스 RTX 5060 벤투스 2X OC D7 8GB,669000,669000,678000
122676813,MSI 지포스 RTX 5060 벤투스 2X OC V1 D7 8GB,676100,676100,678260
90955973,MSI 지포스 RTX 5060 쉐도우 2X OC D7 8GB,668900,668900,668870
90160715,MSI 지포스 RTX 5070 Ti 게이밍 트리오 OC D7 16GB 트라이프로져4,1907950,1907960,1948990
76550750,MSI 지포스 RTX 5070 Ti 게이밍 트리오 OC 플러스 D7 16GB 트라이프로져4,2296150,2296150,2296150
77705996,MSI 지포스 RTX 5070 Ti 뱅가드 SOC D7 16GB 하이퍼프로져,5580000,5580000,5580000
76550837,MSI 지포스 RTX 5070 Ti 벤투스 3X OC D7 16GB,2279990,2279990,2279990
78842921,MSI 지포스 RTX 5070 Ti 쉐도우 3X OC D7 16GB,2080000,2080000,2080000
77379380,MSI 지포스 RTX 5070 게이밍 트리오 OC D7 12GB 트라이프로져4,1287460,1287460,1287470
78102347,MSI 지포스 RTX 5070 게이밍 트리오 OC 화이트 D7 12GB 트라이프로져4,1872340,1872340,1872340
77379452,MSI 지포스 RTX 5070 벤투스 2X OC D7 12GB,1246860,1246860,1246860
77961944,MSI 지포스 RTX 5070 벤투스 3X OC D7 12GB,1288980,1288980,1276240
96369578,MSI 지포스 RTX 5070 쉐도우 2X OC D7 12GB,1297990,1297990,1297990
75373376,MSI 지포스 RTX 5080 게이밍 트리오 OC D7 16GB 트라이프로져4,4638990,4638990,4638950
76329767,MSI 지포스 RTX 5080 게이밍 트리오 OC 화이트 D7 16GB 트라이프로져4,5760000,5760000,5760000
75541700,MSI 지포스 RTX 5080 뱅가드 SOC D7 16GB 하이퍼프로져,2595210,2595210,2595210
76463606,MSI 지포스 RTX 5080 벤투스 3X OC D7 16GB,2510990,2510990,2510990
75373496,MSI 지포스 RTX 5080 벤투스 3X OC 플러스 D7 16GB,4826400,4826400,4826400
77791169,MSI 지포스 RTX 5080 벤투스 3X OC 화이트 D7 16GB,3124790,3124790,3124790
78842858,MSI 지포스 RTX 5080 쉐도우 3X OC D7 16GB,2527730,2527730,2527730
96259277,MSI 지포스 RTX 5080 엑스퍼트 OC D7 16GB 플로우프로져2,6045000,6045000,6240000
75993239,MSI 지포스 RTX 5090 게이밍 트리오 OC D7 32GB 트라이프로져4,9740000,9740000,9740000
78098624,MSI 지포스 RTX 5090 뱅가드 SOC D7 32GB 하이퍼프로져,12089990,12089990,12089990
76550939,MSI 지포스 RTX 5090 슈프림 SOC D7 32GB 하이퍼프로져,9067500,9067500,9189950
122621334,NEXIUM 지포스 GTX 1660 SUPER NEXIUM II D6 6GB DUAL,293340,293340,293340
122705634,NEXIUM 지포스 RTX 3050 D6 6GB DUAL,354760,354760,354760
40722776,NVIDIA A100 HBM2 40GB PCIe (해외구매),14720000,14720000,14720000
21458333,NVIDIA A100 HBM2e 80GB PCIe,36500000,36500000,36500000
55045334,NVIDIA A2 D6 16GB,1105000,1105000,1105000
49055273,NVIDIA A30 HBM2 24GB (병행수입),7390000,7390000,7390000
49261274,NVIDIA H100 HBM2e 80GB PCIe,45314600,45314600,45314600
53783282,NVIDIA H100 HBM3 94GB NVL,45399990,45399990,45399990
55045148,NVIDIA L4 D6 24GB,6636000,6636000,6636000
49266752,NVIDIA L40S D6 48GB,13629310,13629310,13629310
14274734,NVIDIA NV링크 브릿지 2-Slot,404590,404590,404590
57508178,NVIDIA RTX 2000 Ada Generation D6 16GB,1489990,1489990,1489990
74417117,NVIDIA RTX 2000 Ada Generation D6 16GB (병행수입),1412400,1412400,1412400
57293591,NVIDIA RTX 4000 Ada Generation D6 20GB (병행수입),3050000,3050000,3050000
20807324,NVIDIA RTX 4000 SFF Ada Generation D6 20GB,2930000,2930000,2930000
62163968,NVIDIA RTX 4000 SFF Ada Generation D6 20GB (병행수입),3183930,3183930,3183940
48395846,NVIDIA RTX 4500 Ada Generation D6 24GB,3920000,3920000,3920000
74418092,NVIDIA RTX 4500 Ada Generation D6 24GB (병행수입),4499990,4499990,4499990
34816172,NVIDIA RTX 5000 Ada Generation D6 32GB,7383000,7383000,7383000
34848809,NVIDIA RTX 5000 Ada Generation D6 32GB (병행수입),6939960,6939960,6939920
19393388,NVIDIA RTX 6000 Ada Generation D6 48GB,12443400,12443400,12443400
55039700,NVIDIA RTX 6000 Ada Generation D6 48GB (병행수입),11898980,11898980,11898930
81061844,NVIDIA RTX 6000 Ada Generation D6 48GB 서린 (벌크),14000000,14000000,14000000
71009864,NVIDIA RTX A1000 D6 8GB,958000,958000,958000
65426753,NVIDIA RTX A1000 D6 8GB (병행수입),1099990,1099990,1099990
71009948,NVIDIA RTX A400 D6 4GB,369000,369000,369000
65426912,NVIDIA RTX A400 D6 4GB (병행수입),409000,409000,409000
17744411,NVIDIA RTX A4000 D6 16GB (병행수입),2589000,2589000,2589000
15196385,NVIDIA RTX A4000 D6 16GB (해외구매),3145800,3145800,3145800
16500317,NVIDIA RTX A4500 D6 20GB,3405000,3405000,3405000
17742206,NVIDIA RTX A4500 D6 20GB (병행수입),2596570,2596570,2788990
17074907,NVIDIA RTX A5000 D6 24GB (병행수입),4289990,4289990,4289990
18529553,NVIDIA RTX A5000 D6 24GB (중고),5850450,5850450,5850450
17466311,NVIDIA RTX A5500 D6 24GB,5412590,5412590,5412590
13596899,NVIDIA RTX A6000 D6 48GB,11096000,11096000,11096000
17529758,NVIDIA RTX A6000 D6 48GB (병행수입),9800000,9800000,9800000
99914171,NVIDIA RTX PRO 2000 Blackwell D7 16GB,2835920,2835920,2835920
105814622,NVIDIA RTX PRO 2000 Blackwell D7 16GB (병행수입),2880000,2880000,2880000
101546711,NVIDIA RTX PRO 2000 Blackwell D7 16GB 서린,2781940,2781940,2781940
101546729,NVIDIA RTX PRO 2000 Blackwell D7 16GB 서린 (벌크),2730470,2767160,2767160
99914468,NVIDIA RTX PRO 4000 Blackwell D7 24GB,4790000,4790000,4790000
101015066,NVIDIA RTX PRO 4000 Blackwell D7 24GB (병행수입),5067930,5067930,5215050
101546732,NVIDIA RTX PRO 4000 Blackwell D7 24GB 서린,5196450,5238540,5238540
101546735,NVIDIA RTX PRO 4000 Blackwell D7 24GB 서린 (벌크),5066460,5066460,5066460
103335935,NVIDIA RTX PRO 4000 Blackwell SFF 에디션 D7 24GB,6009660,6009660,6009660
103752587,NVIDIA RTX PRO 4000 Blackwell SFF 에디션 D7 24GB 서린,5187570,5187570,5187570
122669498,NVIDIA RTX PRO 4000 Blackwell SFF에디션 D7 24GB 서린 (벌크),5081970,5081970,5081970
99914681,NVIDIA RTX PRO 4500 Blackwell D7 32GB,8283480,8283480,8283480
93445232,NVIDIA RTX PRO 4500 Blackwell D7 32GB (병행수입),7991490,7991490,7991490
101546738,NVIDIA RTX PRO 4500 Blackwell D7 32GB 서린,8282320,8282320,8282320
101546882,NVIDIA RTX PRO 4500 Blackwell D7 32GB 서린 (벌크),8154890,8154890,8154890
123807158,NVIDIA RTX PRO 4500 Blackwell 서버 에디션 D7 32GB 서린 (벌크),8551430,8551430,8551430
99914777,NVIDIA RTX PRO 5000 Blackwell D7 48GB,13649950,13649950,13649950
93444932,NVIDIA RTX PRO 5000 Blackwell D7 48GB (병행수입),13670990,13670990,13670990
101185187,NVIDIA RTX PRO 5000 Blackwell D7 48GB 서린,14700000,14700000,14700000
101185244,NVIDIA RTX PRO 5000 Blackwell D7 48GB 서린 (벌크),13853120,13853120,13853120
103808108,NVIDIA RTX PRO 5000 Blackwell D7 72GB,18059980,18059980,18059940
108418610,NVIDIA RTX PRO 5000 Blackwell D7 72GB (벌크),16974710,16974710,16974680
122669553,NVIDIA RTX PRO 5000 Blackwell D7 72GB 서린,15549290,15549290,15549080
122669574,NVIDIA RTX PRO 5000 Blackwell D7 72GB 서린 (벌크),15350000,15350000,15350000
94640462,NVIDIA RTX PRO 6000 Blackwell MAX-Q 워크스테이션 에디션 D7 96GB,25499990,25499990,26449990
108418685,NVIDIA RTX PRO 6000 Blackwell MAX-Q 워크스테이션 에디션 D7 96GB (벌크),27186630,27186630,27186630
94083287,NVIDIA RTX PRO 6000 Blackwell MAX-Q 워크스테이션 에디션 D7 96GB (병행수입),26039990,26039990,26039990
95851517,NVIDIA RTX PRO 6000 Blackwell MAX-Q 워크스테이션 에디션 D7 96GB 서린,27000000,27000000,27000000
94083122,NVIDIA RTX PRO 6000 Blackwell 서버 에디션 D7 96GB (병행수입),27460440,27460440,27460400
94083011,NVIDIA RTX PRO 6000 Blackwell 서버 에디션 D7 96GB 서린 (벌크),27600000,27600000,27600000
94640297,NVIDIA RTX PRO 6000 Blackwell 워크스테이션 에디션 D7 96GB,25500000,25500000,25500000
108418646,NVIDIA RTX PRO 6000 Blackwell 워크스테이션 에디션 D7 96GB (벌크),27338330,27338330,27338300
94083197,NVIDIA RTX PRO 6000 Blackwell 워크스테이션 에디션 D7 96GB (병행수입),26049990,26049990,26049990
97702502,NVIDIA RTX PRO 6000 Blackwell 워크스테이션 에디션 D7 96GB 서린,26469990,26469990,26469990
97702526,NVIDIA RTX PRO 6000 Blackwell 워크스테이션 에디션 D7 96GB 서린 (벌크),25000000,25000000,26500000
108418880,NVIDIA RTX PRO Sync,1400000,1400000,1400000
14864039,NVIDIA T1000 D6 4GB,579000,579000,579000
17023763,NVIDIA T400 D6 4GB,399000,399000,399000
5727780,NVIDIA Tesla V100 HBM2 16GB SXM2,1411000,1411000,1411000
4058453,NVIDIA 쿼드로 M6000 D5 24GB 리더스시스템즈,770000,770000,770000
5041433,NVIDIA 쿼드로 P2000 D5 5GB ABKO,258000,258000,258000
17484341,NVIDIA 쿼드로 P4000 D5 8GB (해외구매),440000,440000,440000
6069251,NVIDIA 쿼드로 P620 D5 2GB,165000,165000,165000
7358839,NVIDIA 쿼드로 RTX 4000 D6 8GB,1488000,1488000,1488000
6839308,NVIDIA 쿼드로 RTX 6000 D6 24GB,2475000,2475000,2475000
11639453,NVIDIA 쿼드로 RTX NV링크 HB 브릿지 2-Slot,125000,125000,125000
12820505,NVIDIA 쿼드로 Sync II,1756900,1756900,1756900
77314562,ONE-NETBOOK ONE X GPU 2 RX 7800M (해외구매),1217040,1217040,1217040
97780238,PALIT 지포스 RTX 3050 STORM X D6 6GB 이엠텍,385560,385560,385560
14804777,PALIT 지포스 RTX 3060 Ti Dual D6 8GB LHR,734870,734870,734870
93381587,PALIT 지포스 RTX 5050 DUAL D6 8GB 이엠텍,579940,579940,593970
94695290,PALIT 지포스 RTX 5050 STORM X D6 8GB 이엠텍,561610,561610,561610
90887900,PALIT 지포스 RTX 5060 DUAL D7 8GB 이엠텍,720500,720500,720500
90887879,PALIT 지포스 RTX 5060 DUAL OC D7 8GB 이엠텍,723520,723520,723520
89732453,PALIT 지포스 RTX 5060 Ti DUAL D7 8GB 이엠텍,765590,765590,789880
81037490,PALIT 지포스 RTX 5060 Ti INFINITY 3 D7 16GB 이엠텍,2639870,2639870,2656620
90578306,PALIT 지포스 RTX 5060 Ti INFINITY 3 OC D7 8GB 이엠텍,1120000,1120000,1120000
96366407,PALIT 지포스 RTX 5060 Ti WHITE OC D7 16GB 이엠텍,1078780,1078780,1078780
94695566,PALIT 지포스 RTX 5060 WHITE OC D7 8GB 이엠텍,715270,715270,715270
91769021,PALIT 지포스 RTX 5070 GAMINGPRO-S D7 12GB 이엠텍,1294340,1294340,1294340
79402577,PALIT 지포스 RTX 5070 INFINITY 3 D7 12GB 이엠텍,1359480,1359480,1359480
91768979,PALIT 지포스 RTX 5070 Ti GAMINGPRO-S D7 16GB 이엠텍,1964680,1964680,1940940
106710902,PALIT 지포스 RTX 5070 Ti GAMINGPRO-S OC D7 16GB 이엠텍,2018690,2018690,2018690
96579917,PALIT 지포스 RTX 5070 WHITE OC D7 12GB 이엠텍,1368980,1368980,1368980
75184250,PALIT 지포스 RTX 5080 GAMINGPRO D7 16GB 이엠텍,2437000,2437000,2437000
75376490,PALIT 지포스 RTX 5090 GAMEROCK D7 32GB 이엠텍,9112480,9112480,9117990
75184256,PALIT 지포스 RTX 5090 GAMEROCK OC D7 32GB 이엠텍,9458090,9458090,9513730
67509884,PNY 지포스 RTX 4070 SUPER VERTO OC D6X 12GB DF 한성컴퓨터,945000,945000,945000
105817778,PNY 지포스 RTX 5050 D6 8GB Dual Fan STCOM,550360,550360,550360
122829866,PNY 지포스 RTX 5060 D7 8GB Dual Fan 제이씨현,728990,728990,728990
90887702,PNY 지포스 RTX 5060 OC D7 8GB Dual Fan STCOM,661890,661890,661890
92971433,PNY 지포스 RTX 5060 OC D7 8GB Dual Fan 제이씨현,705090,709230,709230
99711974,PNY 지포스 RTX 5060 OC D7 8GB Dual Fan 한성컴퓨터,663770,663770,629250
87679496,PNY 지포스 RTX 5060 Ti OC D7 8GB Dual Fan STCOM,731900,731900,731900
95206529,PNY 지포스 RTX 5060 Ti OC D7 8GB Dual Fan 제이씨현,758510,758510,758520
93385700,PNY 지포스 RTX 5060 Ti OC D7 8GB Dual Fan 한성컴퓨터,742760,742760,726550
82258553,PNY 지포스 RTX 5070 OC D7 12GB Triple Fan STCOM,1299000,1299000,1299000
78977468,PNY 지포스 RTX 5070 OC D7 12GB Triple Fan 한성컴퓨터,1220000,1220000,1220000
82225754,PNY 지포스 RTX 5070 Ti OC D7 16GB Triple Fan STCOM,1800820,1800820,1800820
99896006,PNY 지포스 RTX 5070 Ti OC D7 16GB Triple Fan 제이씨현,1793390,1793390,1793400
93386447,PNY 지포스 RTX 5070 Ti OC D7 16GB Triple Fan 한성컴퓨터,1975850,1887710,1739200
75931502,PNY 지포스 RTX 5080 D7 16GB Triple Fan 제이씨현,2329230,2330020,2330020
76509074,PNY 지포스 RTX 5080 EPIC-X RGB OC D7 16GB Triple Fan 제이씨현,2468000,2468000,2468000
76380392,PNY 지포스 RTX 5080 EPIC-X RGB OC D7 16GB Triple Fan 한성컴퓨터,2561420,2561420,2561430
122686254,PNY 지포스 RTX 5080 OC D7 16GB Dual Fan Slim 제이씨현,2350900,2350900,2350910
75931508,PNY 지포스 RTX 5080 OC D7 16GB Triple Fan 제이씨현,2305000,2305000,2305000
122695605,PNY 지포스 RTX 5080 VERTO OC D7 16GB Triple Fan 한성컴퓨터,2408910,2408910,2274100
98918945,PowerColor 라데온 AI PRO R9700 D6 32GB 대원씨티에스,2879000,2879000,2879000
35231306,PowerColor 라데온 RX 7600 Fighter D6 8GB 대원씨티에스,641000,641000,641000
106767512,PowerColor 라데온 RX 9060 Reaper D6 8GB 대원씨티에스,589990,589990,589990
122688013,PowerColor 라데온 RX 9060 Reaper D6 8GB 몬길: 스타다이브 에디션,591890,591890,591890
91908821,PowerColor 라데온 RX 9060 XT Hellhound OC D6 16GB 대원씨티에스,829800,829800,829800
91908686,PowerColor 라데온 RX 9060 XT Hellhound Spectral White OC D6 16GB 대원씨티에스,851000,851000,851000
91908902,PowerColor 라데온 RX 9060 XT Reaper D6 16GB 대원씨티에스,842570,842570,842570
91909010,PowerColor 라데온 RX 9060 XT Reaper White D6 16GB 대원씨티에스,853620,853620,853620
77380985,PowerColor 라데온 RX 9070 XT Hellhound D6 16GB 대원씨티에스,1517980,1517980,1499000
77381483,PowerColor 라데온 RX 9070 XT Reaper D6 16GB 대원씨티에스,1482000,1482000,1482000
12926123,Razer Core X Black (해외구매),650000,650000,650000
12926084,Razer Core X Chroma (해외구매),962170,962170,962170
20315144,SAPPHIRE 라데온 RX 7600 PULSE OC D6 8GB,492000,492000,492000
28057922,SAPPHIRE 라데온 RX 7700 XT PULSE D6 12GB,726440,726440,726440
97470848,SAPPHIRE 라데온 RX 9060 PULSE OC D6 8GB,595990,595990,598990
91909427,SAPPHIRE 라데온 RX 9060 XT NITRO+ OC D6 16GB,928980,928980,928980
91909571,SAPPHIRE 라데온 RX 9060 XT PULSE OC D6 16GB,841940,841940,849000
91909628,SAPPHIRE 라데온 RX 9060 XT PULSE OC D6 8GB,691470,691470,691470
91909511,SAPPHIRE 라데온 RX 9060 XT PURE OC D6 16GB,869000,869000,869000
122684820,SAPPHIRE 라데온 RX 9070 GRE PULSE OC D6 12GB,996000,996000,996480
77378393,SAPPHIRE 라데온 RX 9070 NITRO+ OC D6 16GB,1189000,1189000,1189000
77378426,SAPPHIRE 라데온 RX 9070 PULSE D6 16GB,1099000,1099000,1099000
77382623,SAPPHIRE 라데온 RX 9070 PURE OC D6 16GB,1129000,1129000,1129000
77378093,SAPPHIRE 라데온 RX 9070 XT NITRO+ OC D6 16GB,1640000,1640000,1640000
106694891,SAPPHIRE 라데온 RX 9070 XT NITRO+ OC D6 16GB 붉은사막 에디션,1640190,1640190,1640190
77378039,SAPPHIRE 라데온 RX 9070 XT PULSE D6 16GB,1488880,1488880,1488880
77381780,SAPPHIRE 라데온 RX 9070 XT PURE OC D6 16GB,1499000,1499000,1499000
29402165,STCOM 라데온 RX 580 2048SP Gaming D5 8GB,176000,176000,176000
28392092,STCOM 지포스 GT730 D5 2GB LP,76840,76840,76840
33994208,STCOM 지포스 RTX 4080 SUPER D6X 16GB,1750000,1750000,1750000
11602526,TAGER 지포스 G210 D3 512MB LP,29430,29430,29430
123846694,TAGER 지포스 GT 1030DP EDITION,124890,124890,124890
11602802,TAGER 지포스 GT1030 D5 2GB,124990,124990,124990
20687210,TAGER 지포스 GT710 D3 2GB LP,58480,58480,58480
95425559,TAGER 지포스 GT730 D3 2GB WIN,62900,62900,62900
12398747,TAGER 지포스 GTX 1650 D6 4GB,248980,248980,248980
18650024,TAGER 지포스 GTX 1660 SUPER K D6 6GB,285040,285040,285040
39037607,TAGER 지포스 RTX 3050 D6 6GB ONE COOL,358070,358070,358070
16268375,TUL 라데온 RX 550 D5 2GB LP (벌크),86900,86900,86900
62640563,XFX Magnetic Air 시리즈 커스텀 팬 그린,39900,39900,39900
62640164,XFX Magnetic Air 시리즈 커스텀 팬 블루,39900,39900,39900
62640587,XFX Magnetic Air 시리즈 커스텀 팬 오렌지,39900,39900,39900
16224614,XFX 라데온 RX 6500 XT QICK 210 BLACK D6 4GB,440000,440000,440000
15427364,XFX 라데온 RX 6600 SWFT 210 CORE D6 8GB,602940,602940,602940
20302601,XFX 라데온 RX 7600 SWFT 210 CORE D6 8GB,473380,473380,473380
18519410,XFX 라데온 RX 7900 XTX MERC 310 BLACK D6 24GB,1789990,1789990,1789990
95206613,XFX 라데온 RX 9060 SWIFT DUAL D6 8GB,599000,599000,599000
92892695,XFX 라데온 RX 9060 XT SWIFT DUAL OC D6 16GB,804990,804990,804990
91909106,XFX 라데온 RX 9060 XT SWIFT DUAL OC D6 8GB,636360,636360,636330
92892671,XFX 라데온 RX 9060 XT SWIFT DUAL WHITE OC D6 16GB,859000,859000,859000
91909166,XFX 라데온 RX 9060 XT SWIFT DUAL WHITE OC D6 8GB,653300,653300,653300
122687822,XFX 라데온 RX 9070 GRE SWIFT D6 12GB,998990,998990,998990
122687833,XFX 라데온 RX 9070 GRE SWIFT WHITE D6 12GB,1022000,1022000,1022000
77378342,XFX 라데온 RX 9070 QUICKSILVER OC D6 16GB,976500,976500,976500
79578347,XFX 라데온 RX 9070 XT QUICKSILVER D6 16GB,1499000,1499000,1499000
77378288,XFX 라데온 RX 9070 XT SWIFT D6 16GB,1499000,1499000,1477290
78977732,XFX 라데온 RX 9070 XT SWIFT WHITE D6 16GB,1290000,1290000,1290000
16284683,ZOTAC GAMING 지포스 RTX 3050 TWIN Edge OC D6 8GB,573720,573720,573720
14824238,ZOTAC GAMING 지포스 RTX 3070 TWIN Edge OC D6 8GB LHR,412150,412150,412150
14500928,ZOTAC GAMING 지포스 RTX 3080 Trinity OC D6X 10GB (해외구매),2474350,2474350,2474350
21446195,ZOTAC GAMING 지포스 RTX 4060 TWIN Edge OC D6 8GB,998990,998990,998990
20308373,ZOTAC GAMING 지포스 RTX 4060 Ti TWIN Edge D6 8GB,970190,970190,970190
20564615,ZOTAC GAMING 지포스 RTX 4060 Ti TWIN Edge OC D6 8GB White,655000,655000,655000
93703604,ZOTAC GAMING 지포스 RTX 5050 Twin Edge D6 8GB,669990,669990,669990
99290201,ZOTAC GAMING 지포스 RTX 5050 Twin Edge OC White D6 8GB,557070,598990,598990
96987773,ZOTAC GAMING 지포스 RTX 5060 LP D7 8GB,652980,652980,652980
85410707,ZOTAC GAMING 지포스 RTX 5060 Ti Twin Edge OC D7 8GB,717540,717540,717540
91910279,ZOTAC GAMING 지포스 RTX 5060 Twin Edge OC D7 8GB,674990,674990,674990
96313871,ZOTAC GAMING 지포스 RTX 5060 Twin Edge OC White D7 8GB,660280,660280,660280
85732049,ZOTAC GAMING 지포스 RTX 5070 AMP White D7 12GB,1969000,1969000,1969000
77319413,ZOTAC GAMING 지포스 RTX 5070 SOLID OC D7 12GB,1289630,1289630,1289630
76464395,ZOTAC GAMING 지포스 RTX 5070 Ti AMP Extreme Infinity D7 16GB,2344320,2344320,2344290
92358173,ZOTAC GAMING 지포스 RTX 5070 Ti SOLID CORE OC D7 16GB,1959000,1959000,1959000
92889065,ZOTAC GAMING 지포스 RTX 5070 Ti SOLID CORE OC White D7 16GB,1959000,1959000,1959000
76464143,ZOTAC GAMING 지포스 RTX 5070 Ti SOLID OC D7 16GB,2399000,2399000,2399000
74971838,ZOTAC GAMING 지포스 RTX 5080 AMP EXTREME INFINITY D7 16GB,2419950,2419950,2419950
79116668,ZOTAC GAMING 지포스 RTX 5080 SOLID CORE OC D7 16GB,2297100,2297100,2329890
74970929,ZOTAC GAMING 지포스 RTX 5080 SOLID OC D7 16GB,2348230,2348230,2348230
77624201,ZOTAC GAMING 지포스 RTX 5080 SOLID OC White D7 16GB,2420990,2420990,2420990
75857285,ZOTAC GAMING 지포스 RTX 5090 AMP EXTREME INFINITY D7 32GB,11135520,11135520,11135520
74996477,ZOTAC GAMING 지포스 RTX 5090 SOLID OC D7 32GB,9009000,9009000,8989990
78613343,ZOTAC GAMING 지포스 RTX 5090 SOLID OC White D7 32GB,9440000,9440000,9440000
7479994,갤럭시 BOY 지포스 GT1030 D5 2GB,259420,259420,259420
9792135,갤럭시 BOY 지포스 GTX 1660 SUPER OC D6 6GB,320000,320000,320000
43532546,갤럭시 BOY 지포스 RTX 4080 SUPER SG OC D6X 16GB,2005080,2005080,2005080
5150742,갤럭시 GALAX 지포스 GT1030 D5 2GB,149000,149000,149000
5150631,갤럭시 GALAX 지포스 GT1030 강아지 EXOC D5 2GB LP,144000,144000,144000
3745148,갤럭시 GALAX 지포스 GT710 D3 1GB LP,72000,72000,72000
3758234,갤럭시 GALAX 지포스 GT710 D3 1GB LP 무소음,60490,60490,60490
18225332,갤럭시 GALAX 지포스 GT730 D3 4GB LP,64300,64300,64300
9790461,갤럭시 GALAX 지포스 GTX 1660 SUPER OC D6 6GB,320000,320000,320000
63419924,갤럭시 GALAX 지포스 RTX 3050 EX BLACK D6 6GB DVI,430820,430820,430820
74013713,갤럭시 GALAX 지포스 RTX 3050 EX WHITE D6 6GB DVI,364800,364800,372400
36157487,갤럭시 GALAX 지포스 RTX 3050 WHITE D6 6GB LP,430000,430000,430000
14448719,갤럭시 GALAX 지포스 RTX 3060 V2 D6 12GB,638000,638000,638000
14527049,갤럭시 GALAX 지포스 RTX 3070 Ti D6X 8GB,671340,671340,671340
77465684,갤럭시 GALAX 지포스 RTX 4060 Ti WHITE OC V2 D6 8GB,674730,674730,674730
57449264,갤럭시 GALAX 지포스 RTX 4060 WHITE OC D6 8GB,950000,950000,950000
93501725,갤럭시 GALAX 지포스 RTX 5050 BLACK OC D6 8GB DUAL HDMI,541780,541780,541780
104359454,갤럭시 GALAX 지포스 RTX 5050 BLACK OC V2 D6 8GB DUAL HDMI,539980,539980,539980
99742778,갤럭시 GALAX 지포스 RTX 5050 WHITE OC D6 8GB DUAL HDMI,575000,575000,575000
91426661,갤럭시 GALAX 지포스 RTX 5060 BLACK OC D7 8GB,750000,750000,
99896039,갤럭시 GALAX 지포스 RTX 5060 BLACK OC V2 D7 8GB,657320,657320,652860
99896525,갤럭시 GALAX 지포스 RTX 5060 BLACK OC V2 D7 8GB DUAL HDMI,720000,720000,720000
90955670,갤럭시 GALAX 지포스 RTX 5060 EX BLACK OC D7 8GB,692750,696210,683770
90955808,갤럭시 GALAX 지포스 RTX 5060 EX WHITE OC D7 8GB,698050,698050,688970
99742721,갤럭시 GALAX 지포스 RTX 5060 Ti BLACK 3X D7 16GB DUAL HDMI,1189000,1189000,1189000
81715421,갤럭시 GALAX 지포스 RTX 5060 Ti BLACK OC D7 16GB,1149000,1149000,1149000
85664150,갤럭시 GALAX 지포스 RTX 5060 Ti BLACK OC D7 8GB,809000,809000,809000
106754483,갤럭시 GALAX 지포스 RTX 5060 Ti BLACK OC V2 D7 8GB,760670,760670,747410
92187056,갤럭시 GALAX 지포스 RTX 5060 Ti EX BLACK OC D7 8GB,781480,781480,764690
91910567,갤럭시 GALAX 지포스 RTX 5060 Ti EX WHITE OC D7 8GB,973440,973440,973440
85674647,갤럭시 GALAX 지포스 RTX 5060 Ti WHITE OC D7 8GB,885390,885390,885390
99895814,갤럭시 GALAX 지포스 RTX 5060 WHITE OC V2 D7 8GB,666480,666480,666390
77319743,갤럭시 GALAX 지포스 RTX 5070 BLACK OC D7 12GB,1288990,1288990,1288990
78712517,갤럭시 GALAX 지포스 RTX 5070 EX GAMER BLACK OC D7 12GB,1318970,1318970,1318990
78235484,갤럭시 GALAX 지포스 RTX 5070 EX GAMER WHITE OC D7 12GB,3190060,3190060,3190060
99839876,갤럭시 GALAX 지포스 RTX 5070 Ti BLACK 2X OC D7 16GB,1772390,1772390,1772390
76463474,갤럭시 GALAX 지포스 RTX 5070 Ti BLACK OC D7 16GB,2016110,2016110,2026310
77086862,갤럭시 GALAX 지포스 RTX 5070 Ti EX GAMER BLACK OC D7 16GB,1891000,1891000,1891000
77086958,갤럭시 GALAX 지포스 RTX 5070 Ti EX GAMER WHITE OC D7 16GB,2554000,2554000,2554000
95423621,갤럭시 GALAX 지포스 RTX 5070 Ti HOF GAMING BLACK D7 16GB,2160980,2160980,2176980
94521011,갤럭시 GALAX 지포스 RTX 5070 Ti HOF GAMING D7 16GB,2219850,2219850,2219850
77319749,갤럭시 GALAX 지포스 RTX 5070 WHITE OC D7 12GB,1362580,1362580,1362580
75075494,갤럭시 GALAX 지포스 RTX 5080 BLACK OC D7 16GB,2338370,2338370,2338370
79578482,갤럭시 GALAX 지포스 RTX 5080 EX GAMER BLACK OC D7 16GB,2460490,2460490,2460490
95001017,갤럭시 GALAX 지포스 RTX 5080 HOF GAMING BLACK D7 16GB,2613180,2613180,2613180
93916847,갤럭시 GALAX 지포스 RTX 5080 HOF GAMING D7 16GB,3645000,3645000,3645000
75075386,갤럭시 GALAX 지포스 RTX 5080 WHITE OC D7 16GB,5199990,5199990,5199990
89864669,갤럭시 GALAZ 지포스 GT710 D3 2GB LP 무소음,64000,64000,64000
89864702,갤럭시 GALAZ 지포스 GT730 D3 4GB LP,67890,67890,67890
90701393,갤럭시 GALAZ 지포스 RTX 3050 EX BLACK D6 6GB DVI,386000,386000,386000
76071299,갤럭시 GALAZ 지포스 RTX 4060 EX WHITE OC V2 D6 8GB,970200,970200,970200
93501767,갤럭시 GALAZ 지포스 RTX 5050 BLACK OC D6 8GB DUAL HDMI,466000,466000,466000
99896534,갤럭시 GALAZ 지포스 RTX 5060 BLACK OC V2 D7 8GB DUAL HDMI,720000,720000,720000
90955853,갤럭시 GALAZ 지포스 RTX 5060 EX BLACK OC D7 8GB,715000,715000,715000
98184494,갤럭시 GALAZ 지포스 RTX 5060 Ti BLACK 3X D7 16GB DUAL HDMI,1032000,1032000,1032000
98779298,갤럭시 GALAZ 지포스 RTX 5060 Ti BLACK OC Classic D7 8GB,670000,670000,670000
92153132,갤럭시 GALAZ 지포스 RTX 5060 WHITE OC D7 8GB,820000,820000,820000
99895865,갤럭시 GALAZ 지포스 RTX 5060 WHITE OC V2 D7 8GB,1061000,1061000,1061000
95423684,갤럭시 GALAZ 지포스 RTX 5070 Ti HOF GAMING BLACK D7 16GB,2195990,2195940,2195990
16963706,갤럭시 갤라즈 GALAX 지포스 GT710 D3 2GB LP 무소음,66020,66020,66020
16301489,갤럭시 갤라즈 GALAX 지포스 RTX 3050 D6 8GB,590620,590620,590620
6632467,라데온 RX 480 D5 4GB (중고),96000,96000,96000
6632590,라데온 RX 570 D5 4GB (중고),120000,120000,120000
6643693,라데온 RX 570 D5 8GB (중고),135000,135000,135000
6632827,라데온 RX 580 D5 4GB (중고),135000,135000,135000
6830257,라데온 RX 580 D5 8GB (중고),162000,162000,162000
17311451,라데온 RX 6600 D6 8GB (중고),379900,379900,379900
17944463,라데온 RX 6600 XT D6 8GB (중고),460000,460000,460000
17254454,라데온 RX 6700 XT D6 12GB (중고),329000,329000,329000
17187893,라데온 RX 6800 D6 16GB (중고),469000,469000,469000
18203561,라데온 RX 6800 XT D6 16GB (중고),1408330,1408330,1408330
18203285,라데온 RX 6900 XT D6 16GB (중고),649900,649900,649900
122638646,벨리온 지포스 RTX3050 BELION 6GB D6 DUAL,338990,338990,338990
122658701,스타링스 지포스 GTX1660 SUPER D6 6GB NV,295950,295950,295950
99895952,아툼 지포스 GTX 1660 SUPER BARAMINE II D6 6GB DUAL,289330,289330,289310
98077877,아툼 지포스 RTX 3050 BARAMINE D6 6GB DUAL,308800,308800,308800
93702740,액슬 라데온 RX 550 D5 4GB 에즈윈,142050,142050,139790
30105218,액슬 라데온 RX 580 2048SP D5 8GB R2 에즈윈,174000,174000,174000
112881201,액슬 엑슬 지포스 RTX 3070 Ti D6X 8GB 에즈윈,649000,649000,649000
28809323,액슬 지포스 G210 D3 1GB 에즈윈,32000,32000,32000
54481091,액슬 지포스 G210 D3 512MB 에즈윈,29630,29630,29630
28809503,액슬 지포스 GT1030 D5 2GB 에즈윈,123980,123980,123980
124116642,액슬 지포스 GT730 Multi Display D3 4GB 에즈윈,137880,137880,137880
54481106,액슬 지포스 GT730 클래식 D3 1GB 에즈윈,60630,60630,60630
122637342,액슬 지포스 GT730 클래식 D3 2GB 384Cuda 에즈윈,71050,71050,72010
28809677,액슬 지포스 GT730 클래식 D3 2GB 에즈윈,63990,63990,63990
99128480,액슬 지포스 GT730 클래식 D3 4GB R2 에즈윈,68410,68410,68410
98920820,액슬 지포스 GTX 1650 D6 4GB R3 에즈윈,252830,252830,252830
68363192,액슬 지포스 GTX 1660 SUPER 38mm D6 6GB 에즈윈,298940,298940,298940
28810250,액슬 지포스 GTX1050 Ti D5 4GB 에즈윈,210000,210000,210000
124116608,액슬 지포스 GTX1050 Ti Multi Display D5 4GB 에즈윈,308240,308240,308240
59085581,액슬 지포스 RTX 2060 SUPER D6 8GB 에즈윈,410770,410770,410770
47806457,액슬 지포스 RTX 3050 D6 6GB 에즈윈,423720,423720,423720
52157555,액슬 지포스 RTX 3060 D6 12GB 에즈윈,523790,523790,523790
37932260,액슬 지포스 RTX 3060 Ti D6 8GB White 에즈윈,527510,527510,527510
33366437,액슬 지포스 RTX 3070 D6 8GB White 에즈윈,568690,568690,568690
32076674,액슬 지포스 RTX 3070 Ti D6X 8GB 에즈윈,640700,640700,640700
93630089,액슬 지포스 RTX 3080 D6X 10GB 에즈윈,708000,708000,
96981881,에이서 프레데터 라데온 RX 9070 XT BiFrost WHITE OC D6 16GB,1555520,1555520,1325300
29952371,이도디스플레이 지포스 GTX 1660 SUPER RAGE-X II D6 6GB DUAL,341550,341550,341550
62791805,이도디스플레이 지포스 RTX 3050 RAGE-X D6 6GB,355410,355410,355400
19131179,이엠텍 지포스 GTX 1050 Ti MIRACLE II D5 4GB,218540,218540,218540
18767216,이엠텍 지포스 GTX 1660 SUPER MIRACLE II D6 6GB,310000,310000,310000
15941003,이엠텍 지포스 RTX 2060 STORM X Dual BASIC D6 12GB,239800,239800,239800
37287323,이엠텍 지포스 RTX 3050 MIRACLE WHITE D6 6GB,389230,389230,389230
20274764,이엠텍 지포스 RTX 4060 Ti STORM X Dual OC D6 8GB,2697030,2697030,2697030
33989666,이엠텍 지포스 RTX 4080 SUPER BLACK STORM OC D6X 16GB,4472470,4472470,4472470
33989591,이엠텍 지포스 RTX 4080 SUPER GAMING PRO D6X 16GB,4472470,4472470,4472470
95987477,이엠텍 지포스 RTX 5050 MIRACLE WHITE D6 8GB,638400,638400,869850
92044253,이엠텍 지포스 RTX 5060 MIRACLE WHITE D7 8GB,731800,731800,731800
96776702,이엠텍 지포스 RTX 5060 Ti MIRACLE X2 WHITE D7 8GB,811650,811650,801560
78842861,이엠텍 지포스 RTX 5070 MIRACLE WHITE D7 12GB,1415000,1415000,1349050
77020520,이엠텍 지포스 RTX 5070 Ti MIRACLE WHITE D7 16GB,2100000,2100000,2100000
76074971,이엠텍 지포스 RTX 5080 MIRACLE WHITE D7 16GB,2497990,2497990,2498000
122674113,인텔 Arc Pro B70 D6 32GB,2716800,2716800,2716800
16364321,지포스 G210 D3 512MB (중고),8490,8490,8490
7456618,지포스 GT1030 D5 2GB (중고),53930,53930,53930
16364171,지포스 GT610 D3 1GB (중고),15800,15800,15800
17818937,지포스 GT620 (중고),14490,14490,14490
17528849,지포스 GT630 (중고),15000,15000,15000
17818721,지포스 GT720 (중고),21000,21000,21000
17814695,지포스 GT730 (중고),22990,22990,22990
13280759,지포스 GTS250 D3 512MB (중고),9000,9000,9000
17434280,지포스 GTS450 (중고),9700,9700,9700
11975078,지포스 GTX 1650 D5 4GB (중고),134990,134990,134990
11975147,지포스 GTX 1650 D6 4GB (중고),163000,163000,163000
11975627,지포스 GTX 1650 SUPER D6 4GB (중고),185000,185000,185000
11976056,지포스 GTX 1660 D5 6GB (중고),158000,158000,158000
11976995,지포스 GTX 1660 SUPER D6 6GB (중고),186990,186990,186990
11977706,지포스 GTX 1660 Ti D6 6GB (중고),195000,195000,195000
6641014,지포스 GTX1050 D5 2GB (중고),75990,75990,75990
6641638,지포스 GTX1050 Ti D5 4GB (중고),86000,86000,86000
6641779,지포스 GTX1060 D5 3GB (중고),110390,110390,110390
6642142,지포스 GTX1060 D5 6GB (중고),137990,137990,137990
6642286,지포스 GTX1070 D5 8GB (중고),156230,156230,156230
6642355,지포스 GTX1070 Ti D5 8GB (중고),175000,175000,175000
6946081,지포스 GTX1080 D5X 8GB (중고),186990,186990,186990
6642610,지포스 GTX1080 Ti D5X 11GB (중고),250000,250000,250000
16217210,지포스 GTX650 D5 1GB (중고),25000,25000,25010
16217153,지포스 GTX650 Ti D5 1GB (중고),26690,27440,27440
6758101,지포스 GTX660 D5 2GB (중고),34410,34410,34970
6757591,지포스 GTX660 Ti D5 2GB (중고),56000,56000,56000
6756814,지포스 GTX750 D5 1GB (중고),37090,37090,37110
6756913,지포스 GTX750 Ti D5 1GB (중고),36090,36090,36090
6757090,지포스 GTX750 Ti D5 2GB (중고),51690,51710,51710
6674599,지포스 GTX760 D5 2GB (중고),46490,46490,46490
6673729,지포스 GTX960 D5 2GB (중고),60990,60990,60990
7456369,지포스 GTX970 D5 4GB (중고),167100,167100,167100
11978288,지포스 RTX 2060 D6 6GB (중고),204990,204990,204990
11978807,지포스 RTX 2060 SUPER D6 8GB (중고),232000,232000,232000
11979008,지포스 RTX 2070 D6 8GB (중고),231990,231990,231990
11979092,지포스 RTX 2070 SUPER D6 8GB (중고),280800,280800,280800
11979227,지포스 RTX 2080 D6 8GB (중고),248990,248990,248990
11979344,지포스 RTX 2080 SUPER D6 8GB (중고),1670000,1670000,1670000
11979449,지포스 RTX 2080 Ti D6 11GB (중고),354000,354000,354000
16319510,지포스 RTX 3060 D6 12GB (중고),384870,384870,384870
56343746,지포스 RTX 3060 D6 8GB (중고),335000,335000,335000
16319558,지포스 RTX 3060 Ti D6 8GB (중고),375000,375000,375000
16319603,지포스 RTX 3070 D6 8GB (중고),384000,384000,384000
16512887,지포스 RTX 3070 Ti D6X 8GB (중고),452990,452990,452990
72975155,지포스 RTX 3080 D6X 10GB (완제품 탈거상품 중고),661150,661150,661150
16362338,지포스 RTX 3080 D6X 10GB (중고),498000,498000,498000
16799315,지포스 RTX 3080 D6X 12GB (중고),600000,600000,600000
16544444,지포스 RTX 3080 Ti D6X 12GB (중고),685000,685000,685000
17305142,지포스 RTX 3090 D6X 24GB (중고),2490000,2490000,2490000
78846158,지포스 RTX 4060 D6 8GB (중고),484380,484380,484380
78234449,지포스 RTX 4060 Ti D6 8GB (중고),590000,590000,590000
28620374,지포스 RTX 4070 D6X 12GB (중고),890000,890000,890000
74971736,지포스 RTX 4070 SUPER D6X 12GB (중고),990000,990000,990000
74997902,지포스 RTX 4070 Ti D6X 12GB (중고),990000,990000,990000
74971556,지포스 RTX 4080 SUPER D6X 16GB (중고),4789720,4789720,4789720
